ETF,Underlying,is_yieldboost,scenario_style,Delta_product_class,Delta,Delta_quality,borrow_fee_annual,shares_available,borrow_current,borrow_spiking,borrow_price_ref,vol_etf_annual,gross_decay_annual,vol_underlying_annual,expense_ratio_annual,net_decay_annual,asof_date,product_class,primary_edge_annual,net_edge_p05_annual,net_edge_p25_annual,net_edge_p50_annual,net_edge_p75_annual,net_edge_p95_annual,mechanical_decay_annual,realized_tracking_component_annual,slippage_proxy_annual,income_distributions_annual,schema_v,edge_sign_convention,bucket,execution_eligible
AAPU,AAPL,False,,letf_long,1.995619,ok,0.017486,15000.0,0.017486,False,44.130001068115234,0.46848,0.163143,0.236453,0.0096,0.18087186111111112,2026-10-05,letf,0.18087186111111112,0.07839006937964832,0.10079194191889787,0.11571461327818748,0.13380829808299946,0.15784595260629086,0.105147,0.057996000000000006,,,2,short_favorable_positive,bucket_1,True
AMUU,AMD,False,,letf_long,1.989861,ok,0.0116,40000.0,0.0116,False,297.4740905761719,1.358461,0.527587,0.683108,0.0106,0.5393481111111111,2026-10-05,letf,0.5393481111111111,0.40499410706799843,0.4582642627194103,0.5052866143917276,0.5542280210781347,0.6263608349171611,0.509936,0.017651000000000083,,,2,short_favorable_positive,bucket_1,True
AMZU,AMZN,False,,letf_long,1.994682,ok,-0.030942,450000.0,-0.030942,False,34.61000061035156,0.604738,0.203538,0.302823,0.0099,0.17216625,2026-10-05,letf,0.17216625,0.07932022678317359,0.10541635065634646,0.1248498262722891,0.14156692143159194,0.1721750783777466,0.140838,0.0627,,,2,short_favorable_positive,bucket_1,True
ASMU,ASML,False,,letf_long,1.999617,ok,-0.077739,15000.0,-0.077739,False,34.16699981689453,0.981931,0.365212,0.461862,0.0097,0.28639329166666666,2026-10-05,letf,0.28639329166666666,0.04204109630975551,0.12976479809162936,0.1843286921728175,0.24144331720235998,0.30624954008632455,0.263059,0.102153,,,2,short_favorable_positive,bucket_1,True
AVL,AVGO,False,,letf_long,1.996737,ok,0.002545,250000.0,0.002545,False,38.029998779296875,0.89485,0.351861,0.448156,0.01,0.3544413472222222,2026-10-05,letf,0.3544413472222222,0.17018788021606038,0.21852605316554696,0.2505623535770305,0.28641460298756016,0.3406144142074372,0.249911,0.10194999999999999,,,2,short_favorable_positive,bucket_1,True
BOEU,BA,False,,letf_long,1.994102,ok,-0.045829,45000.0,-0.045829,False,25.190000534057617,0.667767,0.206595,0.333052,0.0106,0.1601294861111111,2026-10-05,letf,0.1601294861111111,0.048272982726851627,0.08767181001838542,0.11952029263332996,0.14836285657181586,0.18797011017368717,0.160487,0.04610800000000001,,,2,short_favorable_positive,bucket_1,True
BABU,BABA,False,,letf_long,2.00213,ok,-0.005117,20000.0,-0.005117,False,9.229100227355957,0.806631,0.290436,0.4149,0.0097,0.2852479305555556,2026-10-05,letf,0.2852479305555556,0.10429377265298076,0.16674100534378794,0.21154870426250455,0.2593701180995774,0.3231785563670286,0.222658,0.06777800000000003,,,2,short_favorable_positive,bucket_1,True
BRKU,BRK-B,False,,letf_long,1.983362,ok,0.002411,150000.0,0.002411,False,22.6156005859375,0.269412,0.127732,0.138382,0.0102,0.13017648611111113,2026-10-05,letf,0.13017648611111113,0.026980685974758188,0.050638355752579065,0.06859854358037454,0.08600676958416067,0.11335232249789916,0.068386,0.05934600000000001,,,2,short_favorable_positive,bucket_1,True
CONX,COIN,False,,letf_long,1.99702,ok,-0.0084,150000.0,-0.0084,False,7.0756001472473145,1.41979,0.658003,0.706244,0.0097,0.6494863333333334,2026-10-05,letf,0.6494863333333334,0.4241321284954473,0.4836172297038044,0.5318138599377664,0.5911964537135707,0.6534320965028669,0.546314,0.11168900000000004,,,2,short_favorable_positive,bucket_1,True
CSCL,CSCO,False,,letf_long,2.004205,ok,-0.07538,80000.0,-0.07538,False,54.384700775146484,0.63598,0.179616,0.317323,0.0107,0.10318905555555555,2026-10-05,letf,0.10318905555555555,0.013297999520936197,0.04889601420204927,0.07669243258248601,0.10604518765649429,0.1539555089697944,0.152379,0.02723700000000001,,,2,short_favorable_positive,bucket_1,True
GGLL,GOOGL,False,,letf_long,1.999003,ok,0.000665,250000.0,0.000665,False,100.8499984741211,0.607503,0.199529,0.303903,0.0096,0.20020323611111113,2026-10-05,letf,0.20020323611111113,0.11694442395358148,0.13338960271197206,0.14668762220812442,0.16071570169197782,0.1811646146460438,0.141959,0.05757000000000001,,,2,short_favorable_positive,bucket_1,True
HODU,HOOD,False,,letf_long,1.995436,ok,-0.025351,70000.0,-0.025351,False,13.668899536132812,1.40563,0.665297,0.707062,0.0097,0.6395939027777778,2026-10-05,letf,0.6395939027777778,0.40686837816965976,0.47078339036502764,0.5190355089991412,0.561322235822613,0.6279173265347803,0.546216,0.11908099999999999,,,2,short_favorable_positive,bucket_1,True
LINT,INTC,False,,letf_long,1.992169,ok,-0.001597,60000.0,-0.001597,False,149.44000244140625,1.51404,0.690462,0.721672,0.0097,0.6888428194444445,2026-10-05,letf,0.6888428194444445,0.39980815028475297,0.48547339476409734,0.5517168192136337,0.6114588740527258,0.721150365479866,0.564274,0.12618799999999997,,,2,short_favorable_positive,bucket_1,True
ELIL,LLY,False,,letf_long,1.984241,ok,-0.196107,45000.0,-0.196107,False,26.95170021057129,0.649595,0.244973,0.327377,0.0107,0.04614229166666667,2026-10-05,letf,0.04614229166666667,-0.11908975714267721,-0.07191895404722862,-0.03332616781240286,0.006585338661283337,0.12964908833009967,0.154902,0.09007099999999998,,,2,short_favorable_positive,bucket_1,True
LMTL,LMT,False,,letf_long,1.994753,ok,-0.015527,30000.0,-0.015527,False,28.86210060119629,0.528864,0.171481,0.265128,0.0107,0.1557383472222222,2026-10-05,letf,0.1557383472222222,-0.01263860338772064,0.04443520708071152,0.088923706005714,0.12124325324382335,0.1691679943172624,0.12041,0.05107099999999999,,,2,short_favorable_positive,bucket_1,True
METU,META,False,,letf_long,1.995711,ok,-0.033841,2200000.0,-0.033841,False,32.0,0.816306,0.253432,0.40903,0.0102,0.2191209861111111,2026-10-05,letf,0.2191209861111111,-0.03356358712282412,0.16621751193802847,0.19543891935036706,0.2194900999350212,0.25450971517770843,0.216438,0.036994,,,2,short_favorable_positive,bucket_1,True
MRVU,MRVL,False,,letf_long,1.997702,ok,-0.022883,95000.0,-0.022883,False,154.22000122070312,1.690234,0.812475,0.720139,0.0097,0.7892741805555555,2026-10-05,letf,0.7892741805555555,0.3296101085023845,0.4434488710364355,0.5327940791993806,0.6395427760558475,0.7891016092607042,0.566602,0.2458729999999999,,,2,short_favorable_positive,bucket_1,True
MSFU,MSFT,False,,letf_long,1.993655,ok,-0.002408,400000.0,-0.002408,False,41.20000076293945,0.555403,0.170456,0.278585,0.0098,0.16801455555555556,2026-10-05,letf,0.16801455555555556,0.07945228528295109,0.10264768180296444,0.11740550527719364,0.13331649557006953,0.15456300190921451,0.126598,0.04385800000000001,,,2,short_favorable_positive,bucket_1,True
MUU,MU,False,,letf_long,1.988477,ok,-0.026603,1000000.0,-0.026603,False,36.369998931884766,1.588401,0.628648,0.798803,0.0101,0.6016755138888888,2026-10-05,letf,0.6016755138888888,0.5482118405936097,0.6129119950077959,0.6564435636000295,0.7006714182476377,0.7595120698035533,0.676917,-0.048269000000000006,,,2,short_favorable_positive,bucket_1,True
NFXL,NFLX,False,,letf_long,2.001656,ok,-0.007043,9000.0,-0.007043,False,12.989999771118164,0.70743,0.23117,0.353422,0.0105,0.22402918055555554,2026-10-05,letf,0.22402918055555554,0.11509404655138418,0.14946040432698016,0.17177330742670935,0.1947161368614277,0.22194634131462498,0.175964,0.05520599999999998,,,2,short_favorable_positive,bucket_1,True
NVDU,NVDA,False,,letf_long,1.995619,ok,-0.007669,100000.0,-0.007669,False,159.3699951171875,0.734035,0.283673,0.368602,0.0092,0.27589748611111115,2026-10-05,letf,0.27589748611111115,0.11912520167092333,0.15664998199281388,0.18181614824087755,0.20804637005838283,0.2479784330015351,0.18418,0.099493,,,2,short_favorable_positive,bucket_1,True
ORCU,ORCL,False,,letf_long,2.000326,ok,0.007893,950000.0,0.007893,False,7.050000190734863,1.154233,0.451849,0.563277,0.0097,0.459851625,2026-10-05,letf,0.459851625,0.24889375713111905,0.3207218610213421,0.36787385554585517,0.42305736615429523,0.4901833971389306,0.367329,0.08451999999999998,,,2,short_favorable_positive,bucket_1,True
PALU,PANW,False,,letf_long,1.995663,ok,-0.116425,70000.0,-0.116425,False,65.33999633789062,0.924342,0.294483,0.46241,0.0108,0.17644098611111111,2026-10-05,letf,0.17644098611111111,0.0969736506466717,0.13104731051745774,0.15295438167488995,0.17548274524456708,0.2069200911091011,0.26324,0.03124300000000002,,,2,short_favorable_positive,bucket_1,True
PLTU,PLTR,False,,letf_long,1.990048,ok,0.001465,450000.0,0.001465,False,57.650001525878906,1.061389,0.469546,0.533164,0.0097,0.47103134722222223,2026-10-05,letf,0.47103134722222223,0.25154630138801964,0.2912960419196213,0.3265439427258177,0.36459753128864936,0.42571349005301057,0.329515,0.14003100000000002,,,2,short_favorable_positive,bucket_1,True
QCMU,QCOM,False,,letf_long,2.003438,ok,-0.008268,100000.0,-0.008268,False,21.684799194335938,1.062303,0.360053,0.53024,0.0107,0.3516701666666667,2026-10-05,letf,0.3516701666666667,0.21120263501857456,0.2724398065348608,0.3204833692634552,0.3772244380995784,0.4577265907482545,0.333624,0.026429000000000036,,,2,short_favorable_positive,bucket_1,True
SHPU,SHOP,False,,letf_long,1.99967,ok,-0.055696,100000.0,-0.055696,False,19.301700592041016,1.13674,0.401182,0.568464,0.0109,0.34471244444444443,2026-10-05,letf,0.34471244444444443,0.21935369544600122,0.2800629250418256,0.31445131694910716,0.35264635321588506,0.41362959853122583,0.374058,0.02712399999999998,,,2,short_favorable_positive,bucket_1,True
SOFA,SOFI,False,,letf_long,1.996472,ok,-0.021609,5000.0,-0.021609,False,10.656900405883789,0.993882,0.392003,0.550606,0.0097,0.370093875,2026-10-05,letf,0.370093875,0.20648942310050514,0.2767553355375179,0.32865357613215096,0.3790210114639031,0.45517851873029624,0.351303,0.040700000000000014,,,2,short_favorable_positive,bucket_1,True
TSLL,TSLA,False,,letf_long,1.993245,ok,-0.004792,,-0.004792,False,10.210000038146973,0.87358,0.441127,0.438233,0.0083,0.43626844444444446,2026-10-05,letf,0.43626844444444446,0.14324437637696166,0.19376976739079657,0.22230773116321148,0.2516282140188937,0.29227437399559697,0.238315,0.202812,,,2,short_favorable_positive,bucket_1,True
TSMX,TSM,False,,letf_long,1.994494,ok,0.008647,350000.0,0.008647,False,102.1500015258789,0.801352,0.281302,0.401782,0.0099,0.29006909722222224,2026-10-05,letf,0.29006909722222224,0.1692825198379729,0.19460830872220466,0.21149526216039954,0.23282989633679027,0.2607697592147825,0.209957,0.07134499999999999,,,2,short_favorable_positive,bucket_1,True
XOMX,XOM,False,,letf_long,1.995724,ok,-0.004,25000.0,-0.004,False,48.238399505615234,0.514459,0.161764,0.257781,0.0107,0.15770844444444443,2026-10-05,letf,0.15770844444444443,-0.01582304738408854,0.0284313822017939,0.06377621592207881,0.10090265180115965,0.15007827905809587,0.116734,0.04502999999999999,,,2,short_favorable_positive,bucket_1,True
YINN,FXI,False,,letf_long,2.990358,ok,0.0348,1100000.0,0.0348,False,24.489999771118164,0.570125,0.298827,0.190654,0.0134,0.33411033333333334,2026-10-05,letf,0.33411033333333334,0.14890575787467056,0.19320020569604812,0.22893865580657558,0.27216684866722457,0.3303882458904711,0.201545,0.09728200000000001,,,2,short_favorable_positive,bucket_1,True
MEXX,EWW,False,,letf_long,2.985281,ok,0.016079,55000.0,0.016079,False,23.600000381469727,0.636104,0.247522,0.21308,0.0123,0.26382431944444446,2026-10-05,letf,0.26382431944444446,0.1666581396775255,0.22366600893152014,0.2535334797945341,0.2830247315912485,0.31610243289673123,0.226612,0.020909999999999984,,,2,short_favorable_positive,bucket_1,True
KORU,EWY,False,,letf_long,2.985969,ok,-0.213751,800000.0,-0.213751,False,22.780000686645508,1.646234,0.710311,0.551323,0.0132,0.49359123611111116,2026-10-05,letf,0.49359123611111116,0.5886458701292605,0.7487156000397919,0.8638559458514364,0.9523233560311216,1.0563735688378295,0.994235,-0.28392399999999995,,,2,short_favorable_positive,bucket_1,True
HIBL,SPHB,False,,letf_long,3.001942,ok,-0.693501,45000.0,-0.693501,False,120.40699768066406,0.816912,0.335212,0.272128,0.0098,-0.3679209583333333,2026-10-05,letf,-0.3679209583333333,-0.48945899380522834,-0.4401606695536475,-0.4075277615292149,-0.3685683702430814,-0.3227987574579977,0.312759,0.022453,,,2,short_favorable_positive,bucket_1,True
LABU,XBI,False,,letf_long,2.994901,ok,-0.080512,150000.0,-0.080512,False,257.3800048828125,0.815347,0.329158,0.272245,0.0096,0.2475277777777778,2026-10-05,letf,0.2475277777777778,0.1570843431941571,0.20775736795751362,0.23091124246443295,0.25152049886256267,0.27978259241989595,0.311163,0.017994999999999983,,,2,short_favorable_positive,bucket_1,True
SOXL,SOXX,False,,letf_long,2.989374,ok,0.025742,5400000.0,0.025742,False,164.27000427246094,1.342593,0.644902,0.458707,0.0075,0.6710015277777778,2026-10-05,letf,0.6710015277777778,0.6131403843821105,0.6816065308286353,0.731117593207018,0.7751013718982747,0.844174108932359,0.713092,-0.06818999999999997,,,2,short_favorable_positive,bucket_1,True
CHAU,ASHR,False,,letf_long,1.993717,ok,0.013854,100000.0,0.013854,False,19.329999923706055,0.363801,0.104769,0.182474,0.0119,0.11881541666666667,2026-10-05,letf,0.11881541666666667,0.058546092907458123,0.08089368709401129,0.09489549531231257,0.10882031947946033,0.1351186135231202,0.084811,0.019958000000000004,,,2,short_favorable_positive,bucket_1,True
CWEB,KWEB,False,,letf_long,2.000304,ok,0.027041,650000.0,0.027041,False,18.43000030517578,0.537762,0.170871,0.26884,0.0127,0.19828756944444442,2026-10-05,letf,0.19828756944444442,0.11518864102655131,0.1346033713951698,0.15127069650921585,0.1665788720919725,0.19079422796978301,0.1252,0.04567099999999999,,,2,short_favorable_positive,bucket_1,True
ERX,XLE,False,,letf_long,1.997866,ok,-0.000109,100000.0,-0.000109,False,106.66000366210938,0.435585,0.111726,0.217048,0.0091,0.11161548611111112,2026-10-05,letf,0.11161548611111112,0.022720169920899133,0.04116276133177038,0.05297861387696293,0.06462161098736732,0.08411160387399723,0.096153,0.015573000000000004,,,2,short_favorable_positive,bucket_1,True
NUGT,GDX,False,,letf_long,1.991992,ok,0.030662,200000.0,0.030662,False,146.32000732421875,1.005643,0.24954,0.504843,0.0113,0.2806278611111111,2026-10-05,letf,0.2806278611111111,0.29125326222416903,0.31447913464735944,0.33283206500616724,0.3504942015814465,0.3809380791682682,0.302971,-0.05343099999999998,,,2,short_favorable_positive,bucket_1,True
JNUG,GDXJ,False,,letf_long,1.992104,ok,0.008553,95000.0,0.008553,False,145.8000030517578,1.119277,0.296033,0.561857,0.0103,0.30470479166666664,2026-10-05,letf,0.30470479166666664,0.30437546879086647,0.34986435932471105,0.3792192745347135,0.40571864454960577,0.4520700979226007,0.362117,-0.06608400000000003,,,2,short_favorable_positive,bucket_1,True
GUSH,XOP,False,,letf_long,2.002619,ok,-0.045182,6000.0,-0.045182,False,44.060001373291016,0.576911,0.140804,0.288078,0.0094,0.09499447222222224,2026-10-05,letf,0.09499447222222224,0.05047121211460872,0.07330196242502204,0.0882036999665068,0.10275228279857468,0.1298368681806871,0.133,0.007804000000000005,,,2,short_favorable_positive,bucket_1,True
URAA,URA,False,,letf_long,1.955899,ok,0.024852,45000.0,0.024852,False,19.459999084472656,0.966641,0.403278,0.494218,0.013,0.4284751666666667,2026-10-05,letf,0.4284751666666667,0.1434742452459749,0.23731734426833614,0.3063878777766463,0.36651050824558246,0.4580437412220023,0.279739,0.12353900000000001,,,2,short_favorable_positive,bucket_1,True
TQQQ,QQQ,False,,letf_long,2.990644,ok,0.02999,,0.02999,False,83.12000274658203,0.579354,0.228869,0.196986,0.0078,0.25927552777777774,2026-10-05,letf,0.25927552777777774,0.18020722879433704,0.19620221654415054,0.21081767926269562,0.22659859796309817,0.2523080283604468,0.203289,0.02557999999999999,,,2,short_favorable_positive,bucket_1,True
SPXL,SPY,False,,letf_long,2.992452,ok,0.025806,400000.0,0.025806,False,294.55999755859375,0.386319,0.16153,0.129098,0.0084,0.18769441666666667,2026-10-05,letf,0.18769441666666667,0.1113805912623807,0.1387194291246729,0.15791757248248,0.1861975059645658,0.2208515681072946,0.138142,0.02338800000000002,,,2,short_favorable_positive,bucket_1,True
URTY,IWM,False,,letf_long,2.997069,ok,-0.040141,95000.0,-0.040141,False,70.91000366210938,0.552759,0.230532,0.147557,0.0095,0.1898334861111111,2026-10-05,letf,0.1898334861111111,-0.00692698096545853,0.0206772358077383,0.039657958852984114,0.05782081981312864,0.08796540288514891,0.154902,0.07562999999999998,,,2,short_favorable_positive,bucket_1,True
BRZU,EWZ,False,,letf_long,1.990785,ok,-0.037072,45000.0,-0.037072,False,132.00999450683594,0.512718,0.124498,0.257399,0.0132,0.0869111111111111,2026-10-05,letf,0.0869111111111111,0.043142735635210296,0.06618610607292932,0.08060620391673542,0.09532601328925225,0.11912298333079567,0.118351,0.006147,,,2,short_favorable_positive,bucket_1,True
UBR,EWZ,False,,letf_long,1.986058,ok,0.0348,4000.0,0.0348,False,43.58039855957031,0.51121,0.130303,0.257399,0.0095,0.16558633333333334,2026-10-05,letf,0.16558633333333334,0.07893438982665148,0.11899741008524023,0.1504302248551511,0.17991684718234813,0.21046544790122743,0.113995,0.016308000000000003,,,2,short_favorable_positive,bucket_1,True
BRZX,EWZ,False,,letf_long,1.99829,ok,-0.13313,,-0.13313,False,27.420000076293945,0.430253,0.157857,0.257399,0.0045,0.022877972222222237,2026-10-05,letf,0.022877972222222237,-0.09883407292699879,-0.0583957687222384,-0.02671006303882678,0.008651344568865321,0.05886137072535002,0.110696,0.047160999999999995,,,2,short_favorable_positive,bucket_1,True
INDL,INDA,False,,letf_long,2.002751,ok,0.028842,150000.0,0.028842,False,39.279998779296875,0.305026,0.086349,0.152304,0.0123,0.11559158333333333,2026-10-05,letf,0.11559158333333333,0.07396988452550553,0.0908333677378686,0.10575581063290787,0.11764262458856392,0.13772954733880546,0.075883,0.01046599999999999,,,2,short_favorable_positive,bucket_1,True
TAJX,INDA,False,,letf_long,1.995689,ok,-0.27613,,-0.27613,False,22.399999618530273,0.260685,0.139371,0.152304,0.0045,-0.14059413888888886,2026-10-05,letf,-0.14059413888888886,-0.25805599758621484,-0.23003382587052323,-0.21167844222253318,-0.1953288266230342,-0.17017856812930754,0.067554,0.07181699999999999,,,2,short_favorable_positive,bucket_1,True
EDC,EEM,False,,letf_long,2.99566,ok,-0.020459,25000.0,-0.020459,False,83.4000015258789,0.743576,0.249787,0.249015,0.0109,0.22904384722222224,2026-10-05,letf,0.22904384722222224,0.16039327461053143,0.18611195844833744,0.20452738194700193,0.21934329549640882,0.2437279922642492,0.276439,-0.02665199999999998,,,2,short_favorable_positive,bucket_1,True
EET,EEM,False,,letf_long,2.001198,ok,0.012722,40000.0,0.012722,False,114.18299865722656,0.500186,0.105705,0.249015,0.0095,0.11860369444444444,2026-10-05,letf,0.11860369444444444,0.0267403317407332,0.0656978518634968,0.09132986847045255,0.10860667232760289,0.147876148871331,0.111848,-0.0061430000000000096,,,2,short_favorable_positive,bucket_1,True
EMXX,VWO,False,,letf_long,1.999877,ok,-0.004,,-0.004,False,22.829999923706055,0.329753,0.124746,0.164887,0.0045,0.12069044444444443,2026-10-05,letf,0.12069044444444443,0.014407576526187309,0.04715498685010669,0.06777589765271347,0.08953641745496474,0.11842762155908151,0.071858,0.05288799999999999,,,2,short_favorable_positive,bucket_1,True
EURL,VGK,False,,letf_long,2.990619,ok,-0.002522,4000.0,-0.002522,False,41.26020050048828,0.471946,0.186014,0.157465,0.0104,0.18345697222222224,2026-10-05,letf,0.18345697222222224,0.07474012486058344,0.12327463962814339,0.1599151571189572,0.20002172126210993,0.2552877746345242,0.164188,0.021826000000000012,,,2,short_favorable_positive,bucket_1,True
UPV,VGK,False,,letf_long,1.992537,ok,-0.07688,25000.0,-0.07688,False,91.81410217285156,0.313755,0.088025,0.157465,0.0095,0.010077222222222224,2026-10-05,letf,0.010077222222222224,-0.030017150333914423,-0.014321051916076372,-0.003201084780490991,0.006066845730738839,0.021918708996156316,0.073898,0.014127,,,2,short_favorable_positive,bucket_1,True
XEUR,VGK,False,,letf_long,1.991601,ok,-0.22388,,-0.22388,False,23.209999084472656,0.261129,0.145716,0.157465,0.0045,-0.08127344444444443,2026-10-05,letf,-0.08127344444444443,-0.20646443321193428,-0.17780601772943552,-0.15762549882332122,-0.13860592297512198,-0.11028788715013368,0.068826,0.07689000000000001,,,2,short_favorable_positive,bucket_1,True
EFO,EFA,False,,letf_long,1.994864,ok,-0.004596,10000.0,-0.004596,False,71.5009994506836,0.313765,0.089163,0.157286,0.0095,0.08450316666666667,2026-10-05,letf,0.08450316666666667,0.01376973167294655,0.04454071872301814,0.06787245507316148,0.09388888529412272,0.13247531535263404,0.074022,0.015141000000000002,,,2,short_favorable_positive,bucket_1,True
EZJ,EWJ,False,,letf_long,1.996917,ok,-0.05388,10000.0,-0.05388,False,71.43000030517578,0.433773,0.094226,0.215163,0.0118,0.03959766666666668,2026-10-05,letf,0.03959766666666668,-0.05366712562372581,-0.015897431707037023,0.014330016733246353,0.03667302287251117,0.07237745109219537,0.097937,-0.003710999999999992,,,2,short_favorable_positive,bucket_1,True
XPP,FXI,False,,letf_long,1.993362,ok,0.00825,25000.0,0.00825,False,18.892900466918945,0.385217,0.132039,0.190654,0.0095,0.14040358333333333,2026-10-05,letf,0.14040358333333333,0.020469635022536917,0.06587762511585922,0.09500014243799618,0.11969393318775112,0.16807682625584855,0.085401,0.046637999999999985,,,2,short_favorable_positive,bucket_1,True
CCPX,FXI,False,,letf_long,1.997334,ok,-0.004,,-0.004,False,20.209999084472656,0.353909,0.138315,0.190654,0.0045,0.13425944444444443,2026-10-05,letf,0.13425944444444443,-0.033522003274719776,0.030764486850373224,0.07487280912422849,0.12670818453970634,0.18726493855501614,0.080777,0.05753799999999999,,,2,short_favorable_positive,bucket_1,True
WEBX,KWEB,False,,letf_long,1.999162,ok,-0.07813,,-0.07813,False,16.739999771118164,0.480535,0.173734,0.26884,0.0045,0.09451886111111112,2026-10-05,letf,0.09451886111111112,-0.05316123436759478,-0.00658899205009315,0.038699580286566906,0.0780405964497085,0.13223477525751212,0.11683,0.056903999999999996,,,2,short_favorable_positive,bucket_1,True
KRWX,EWY,False,,letf_long,1.988498,ok,-0.00663,15000.0,-0.00663,False,16.133800506591797,1.294397,0.620317,0.551323,0.0045,0.6135949166666667,2026-10-05,letf,0.6135949166666667,0.0012051637614549926,0.18199517880069638,0.34265877964044666,0.47999430110424646,0.6555361873979785,0.342951,0.277366,,,2,short_favorable_positive,bucket_1,True
XTAI,EWT,False,,letf_long,1.999245,ok,-0.11113,100.0,-0.11113,False,27.485700607299805,0.739473,0.285496,0.316941,0.0045,0.1728225277777778,2026-10-05,letf,0.1728225277777778,-0.06838968755760177,-0.013756979403750862,0.03191846726898147,0.07236239343673202,0.14199614103582425,0.144988,0.14050800000000002,,,2,short_favorable_positive,bucket_1,True
XW,VXUS,False,,letf_long,1.99308,ok,0.016,,0.016,False,23.40959930419922,0.329217,0.158849,0.16518,0.0045,0.1750712222222222,2026-10-05,letf,0.1750712222222222,0.029336208099698034,0.06464549560316701,0.08616431248261687,0.11194547595734827,0.14513467321148635,0.071404,0.087445,,,2,short_favorable_positive,bucket_1,True
WX,VT,False,,letf_long,1.995464,ok,-0.16613,,-0.16613,False,24.618600845336914,0.261725,0.113328,0.13116,0.002,-0.0551093611111111,2026-10-05,letf,-0.0551093611111111,-0.17653743202895225,-0.13947005648483998,-0.10876849997102342,-0.08088178376479967,-0.0368753286631691,0.059084,0.054244,,,2,short_favorable_positive,bucket_1,True
MSTU,MSTR,False,,letf_long,1.982013,ok,-0.143327,1500000.0,-0.143327,False,45.470001220703125,1.531212,1.056577,0.777224,0.0105,0.9112593472222223,2026-10-05,letf,0.9112593472222223,0.347738991601319,0.42837533225775043,0.49480706192823637,0.556699873794069,0.6389014818365119,0.637834,0.4187430000000001,,,2,short_favorable_positive,bucket_1,True
NVDX,NVDA,False,,letf_long,1.996369,ok,-0.022096,1600000.0,-0.022096,False,22.59000015258789,0.737111,0.339407,0.368602,0.0105,0.31700411111111115,2026-10-05,letf,0.31700411111111115,0.07738347149571646,0.1198733907161316,0.1487790221272574,0.17722050685380292,0.21703756878383668,0.185662,0.15374500000000002,,,2,short_favorable_positive,bucket_1,True
TSLT,TSLA,False,,letf_long,1.994844,ok,-0.009415,95000.0,-0.009415,False,14.300000190734863,0.873553,0.495877,0.438233,0.0105,0.4863312361111111,2026-10-05,letf,0.4863312361111111,0.16567526655965292,0.2048908105392952,0.23310921049987482,0.27199785127291287,0.3143429513746857,0.241038,0.25483900000000004,,,2,short_favorable_positive,bucket_1,True
BTCL,IBIT,False,,letf_long,1.994444,ok,-0.004921,25000.0,-0.004921,False,20.979999542236328,0.867523,0.3797,0.434603,0.0095,0.37471065277777776,2026-10-05,letf,0.37471065277777776,0.1693351972994843,0.2096321345814262,0.24184322005292958,0.27044104930335244,0.30515886316073065,0.236765,0.14293499999999998,,,2,short_favorable_positive,bucket_1,True
ETU,ETHA,False,,letf_long,1.989808,ok,0.006615,75000.0,0.006615,False,8.170000076293945,1.258528,0.637582,0.632487,0.0095,0.644288875,2026-10-05,letf,0.644288875,0.3585170458096456,0.4167104168409943,0.4498445217627065,0.49257486036240783,0.5467514357400481,0.443215,0.19436699999999996,,,2,short_favorable_positive,bucket_1,True
CCUP,CRCL,False,,letf_long,1.996682,ok,-0.014392,150000.0,-0.014392,False,21.513099670410156,1.810868,0.979829,0.906973,0.015,0.9652371111111111,2026-10-05,letf,0.9652371111111111,0.5872856207793177,0.7189261669560296,0.8133002829390817,0.9188866798601811,1.076328870063217,0.873557,0.10627199999999992,,,2,short_favorable_positive,bucket_1,True
CRWU,CRWV,False,,letf_long,1.996492,ok,-0.04497,70000.0,-0.04497,False,35.459999084472656,1.826036,1.020785,0.914622,0.015,0.9751904166666667,2026-10-05,letf,0.9751904166666667,0.6288059353824663,0.7350082462228423,0.8125551911621142,0.9079543441472426,1.0374844639207628,0.887176,0.1336090000000001,,,2,short_favorable_positive,bucket_1,True
AAPX,AAPL,False,,letf_long,2.000913,ok,0.015703,2000.0,0.015703,False,39.869998931884766,0.473121,0.188536,0.236453,0.0105,0.20445709722222222,2026-10-05,letf,0.20445709722222222,0.0648507954919167,0.09397028033864063,0.11869597087412315,0.14090104110439536,0.17604011269924524,0.106703,0.081833,,,2,short_favorable_positive,bucket_1,True
GOOX,GOOGL,False,,letf_long,1.984775,ok,0.014844,200000.0,0.014844,False,71.8499984741211,0.597607,0.222414,0.303903,0.0105,0.23746416666666667,2026-10-05,letf,0.23746416666666667,0.0689418567482287,0.1177484045164874,0.1470403285664229,0.18082397316410107,0.2361008576247616,0.140327,0.082087,,,2,short_favorable_positive,bucket_1,True
MSFX,MSFT,False,,letf_long,1.999505,ok,-0.03519,1000.0,-0.03519,False,27.43000030517578,0.557553,0.198435,0.278585,0.0105,0.16275625,2026-10-05,letf,0.16275625,0.05491253254727599,0.09835628778537497,0.12306916254900946,0.14624195738664952,0.18255667509389162,0.128212,0.07022300000000001,,,2,short_favorable_positive,bucket_1,True
NFLU,NFLX,False,,letf_long,2.004853,ok,-0.07109,90.0,-0.07109,False,13.699999809265137,0.711937,0.245599,0.353422,0.0105,0.17352163888888888,2026-10-05,letf,0.17352163888888888,0.056869061844772584,0.11557926127875444,0.1532312548209142,0.18841087380055277,0.22952669391007413,0.176693,0.06890600000000002,,,2,short_favorable_positive,bucket_1,True
ROBN,HOOD,False,,letf_long,1.994073,ok,-0.052016,95000.0,-0.052016,False,33.130001068115234,1.416297,0.713588,0.707062,0.0105,0.6608495555555556,2026-10-05,letf,0.6608495555555556,0.37981116005110105,0.45170033505924817,0.5081188717523657,0.5657044227706653,0.6361291292102346,0.545943,0.16764500000000004,,,2,short_favorable_positive,bucket_1,True
DJTU,DJT,False,,letf_long,2.007941,ok,-0.163039,65000.0,-0.163039,False,10.15999984741211,1.201805,0.715186,0.598526,0.0105,0.5498825694444445,2026-10-05,letf,0.5498825694444445,0.05559061555490493,0.16875160028934558,0.22671471333291682,0.3053136145037957,0.40396541177702355,0.413511,0.30167499999999997,,,2,short_favorable_positive,bucket_1,True
RBLU,RBLX,False,,letf_long,2.00622,ok,-0.105185,300000.0,-0.105185,False,4.574999809265137,1.337039,0.530942,0.666447,0.0105,0.4242960972222223,2026-10-05,letf,0.4242960972222223,0.21789259819486023,0.31354454447502056,0.37959262699416374,0.4727706503935236,0.5890291853297543,0.499234,0.031708000000000014,,,2,short_favorable_positive,bucket_1,True
SNOU,SNOW,False,,letf_long,1.997155,ok,0.0348,40000.0,0.0348,False,67.29000091552734,1.11687,0.393972,0.559231,0.015,0.4292553333333333,2026-10-05,letf,0.4292553333333333,0.19159924457967498,0.2916472424945169,0.3721866461608888,0.45553445040032203,0.5544362679744387,0.366472,0.02749999999999997,,,2,short_favorable_positive,bucket_1,True
SMUP,SMR,False,,letf_long,2.000143,ok,-0.108039,40000.0,-0.108039,False,3.0299999713897705,2.003523,1.189289,0.993356,0.015,1.0797494583333334,2026-10-05,letf,1.0797494583333334,-3.5131366995734576,-3.2986022978247274,0.511730490303401,4.345427639590135,8.381459147439775,1.042154,0.14713500000000002,,,2,short_favorable_positive,bucket_1,True
GLXU,GLXY,False,,letf_long,2.003044,ok,-0.063727,100000.0,-0.063727,False,4.760000228881836,1.826984,0.978912,0.912104,0.015,0.9142999027777778,2026-10-05,letf,0.9142999027777778,0.6605387955939999,0.7554497290857912,0.8264664171079273,0.8914828572851172,1.0263191853866058,0.891038,0.08787400000000001,,,2,short_favorable_positive,bucket_1,True
AFRU,AFRM,False,,letf_long,1.993933,ok,-0.114278,10000.0,-0.114278,False,9.760000228881836,1.158558,0.55968,0.581042,0.015,0.4438148055555555,2026-10-05,letf,0.4438148055555555,0.052419920422388924,0.18204125155531867,0.26511781846357607,0.3496503405372283,0.46436991946628897,0.38948,0.17019999999999996,,,2,short_favorable_positive,bucket_1,True
KTUP,KTOS,False,,letf_long,2.004702,ok,-0.244861,250000.0,-0.244861,False,3.9800000190734863,1.430552,0.723584,0.713598,0.015,0.4753221527777778,2026-10-05,letf,0.4753221527777778,0.052310922838540365,0.17562121980678508,0.24812219627123233,0.3289176918068938,0.4393727755218113,0.568188,0.15539599999999998,,,2,short_favorable_positive,bucket_1,True
TTDU,TTD,False,,letf_long,2.005878,ok,-0.083319,35000.0,-0.083319,False,9.720000267028809,1.035981,0.51976,0.516473,0.015,0.43528379166666664,2026-10-05,letf,0.43528379166666664,0.005786353765850388,0.13846345820657407,0.21530716719451742,0.3002242141173198,0.41725126487279796,0.324517,0.195243,,,2,short_favorable_positive,bucket_1,True
BMNU,BMNR,False,,letf_long,1.986075,ok,-0.117084,1300000.0,-0.117084,False,21.3799991607666,1.781746,1.244024,0.904486,0.015,1.1253138333333335,2026-10-05,letf,1.1253138333333335,0.5426617332148073,0.661854337681707,0.7558651914056862,0.8565212396172318,1.0464567655650334,0.855707,0.388317,,,2,short_favorable_positive,bucket_1,True
SBTU,SBET,False,,letf_long,1.99442,ok,-0.187843,25000.0,-0.187843,False,50.124000549316406,1.564641,0.770959,0.784509,0.015,0.5805070694444444,2026-10-05,letf,0.5805070694444444,0.24746154614199778,0.38248171819519816,0.48326219170682577,0.5923111336471563,0.7480232041174453,0.665268,0.10569099999999998,,,2,short_favorable_positive,bucket_1,True
CIFU,CIFR,False,,letf_long,1.996362,ok,-0.569466,80000.0,-0.569466,False,8.420000076293945,2.130494,1.41629,1.067188,0.015,0.83891475,2026-10-05,letf,0.83891475,0.3503106810687877,0.5142815267824254,0.6440855638010672,0.7712838569996637,0.9527069792526972,1.187717,0.22857300000000014,,,2,short_favorable_positive,bucket_1,True
XRPT,XRP,False,,letf_long,1.993231,ok,-0.017041,30000.0,-0.017041,False,38.189998626708984,1.393353,0.638876,0.699042,0.0313,0.6215983194444444,2026-10-05,letf,0.6215983194444444,0.33283366375427975,0.4507972598431239,0.5352979636994843,0.6274066036398827,0.7794697675583072,0.554917,0.083959,,,2,short_favorable_positive,bucket_1,True
CHNU,GLNK,False,,letf_long,1.990686,ok,-0.024499,200.0,-0.024499,False,38.93159866333008,1.12525,0.443501,0.565257,0.0185,0.41866173611111107,2026-10-05,letf,0.41866173611111107,0.10836628952801035,0.26172829383367346,0.3451928469963725,0.43634404084502865,0.5691033977812527,0.373371,0.07012999999999997,,,2,short_favorable_positive,bucket_1,True
CRDX,CRDD,False,,letf_long,1.993952,ok,-0.313827,2000.0,-0.313827,False,15.684100151062012,1.404489,0.577639,0.704375,0.0185,0.2594532916666667,2026-10-05,letf,0.2594532916666667,0.010863490877572657,0.1640343902262553,0.25859231456074444,0.37389683723401534,0.5506997075688541,0.550089,0.027549999999999963,,,2,short_favorable_positive,bucket_1,True
STLU,GXLM,False,,letf_long,1.901759,ok,-1.09563,2000.0,-1.09563,False,21.200000762939453,1.518343,1.343306,0.798389,0.0185,0.2324589166666664,2026-10-05,letf,0.2324589166666664,-2.6036089881717857,-1.261683110938745,-0.6292036406553198,0.23835429681416398,1.3615431559594358,0.601302,0.7420039999999999,,,2,short_favorable_positive,bucket_1,True
GMEU,GME,False,,letf_long,1.999273,ok,-0.127435,75000.0,-0.127435,False,9.449999809265137,0.722081,0.526899,0.361172,0.015,0.39769406944444446,2026-10-05,letf,0.39769406944444446,-0.11118663966017801,-0.03094496624921248,0.025080656751967773,0.09140464308152585,0.19363668060165914,0.185454,0.341445,,,2,short_favorable_positive,bucket_1,True
APLX,APLD,False,,letf_long,1.995318,ok,-0.109515,450000.0,-0.109515,False,6.994999885559082,1.977755,1.232595,0.991198,0.013,1.1215589583333334,2026-10-05,letf,1.1215589583333334,0.6944909063263769,0.8220349234335325,0.910356912411296,1.0122803156178237,1.1259446872532362,1.028576,0.20401900000000017,,,2,short_favorable_positive,bucket_1,True
APPX,APP,False,,letf_long,1.999245,ok,-0.013032,150000.0,-0.013032,False,10.100000381469727,1.515826,0.603599,0.758199,0.013,0.590386,2026-10-05,letf,0.590386,0.47556261830944924,0.5666660024746049,0.6180985238008132,0.6924553416418877,0.7973139624584903,0.627365,-0.023765999999999954,,,2,short_favorable_positive,bucket_1,True
ARCX,ACHR,False,,letf_long,2.000354,ok,-0.054094,8000.0,-0.054094,False,8.869999885559082,1.431089,0.694843,0.715418,0.013,0.6399976944444444,2026-10-05,letf,0.6399976944444444,0.34783072473726195,0.4555548185821031,0.5358534364005997,0.6132491643015574,0.7346713623912451,0.565289,0.12955399999999995,,,2,short_favorable_positive,bucket_1,True
ASTX,ASTS,False,,letf_long,1.994111,ok,-0.015979,200000.0,-0.015979,False,9.40999984741211,2.136217,1.269369,1.064038,0.013,1.2531680694444445,2026-10-05,letf,1.2531680694444445,1.0029960507889641,1.1002660276495297,1.163989079693645,1.2354536572440877,1.3227216273979419,1.175139,0.09423000000000004,,,2,short_favorable_positive,bucket_1,True
BEX,BE,False,,letf_long,1.993296,ok,-0.002926,550000.0,-0.002926,False,38.619998931884766,2.163922,1.29644,1.0856,0.013,1.293473361111111,2026-10-05,letf,1.293473361111111,0.9989488691143615,1.1128333527591565,1.2118645312322622,1.30398958083339,1.445619947053722,1.219613,0.07682699999999998,,,2,short_favorable_positive,bucket_1,True
CEGX,CEG,False,,letf_long,2.001161,ok,0.006929,95000.0,0.006929,False,12.75,0.918331,0.295512,0.458899,0.013,0.3025372361111111,2026-10-05,letf,0.3025372361111111,0.161069172142855,0.23176773961008848,0.28371966035904367,0.32495223142764407,0.3929798933828439,0.264182,0.031330000000000024,,,2,short_favorable_positive,bucket_1,True
CLSX,CLSK,False,,letf_long,1.996832,ok,-0.01351,25000.0,-0.01351,False,11.600000381469727,1.8203,1.081377,0.911594,0.013,1.067679361111111,2026-10-05,letf,1.067679361111111,0.6716421113920544,0.7947155651018467,0.8715138134188891,0.955874427727415,1.0593877418471147,0.880112,0.20126500000000003,,,2,short_favorable_positive,bucket_1,True
COZX,CORZ,False,,letf_long,2.001589,ok,-0.101942,50000.0,-0.101942,False,7.400000095367432,1.426751,0.739171,0.712809,0.013,0.6358131388888889,2026-10-05,letf,0.6358131388888889,0.2551502483484841,0.36885424390104776,0.4370779404237838,0.5196325640893769,0.6481191687399358,0.562552,0.17661899999999997,,,2,short_favorable_positive,bucket_1,True
CRDU,CRDO,False,,letf_long,1.999494,ok,0.001306,750000.0,0.001306,False,10.680000305175781,1.895567,1.042604,0.948023,0.013,1.043928138888889,2026-10-05,letf,1.043928138888889,0.7148150914771797,0.8514227937550942,0.9567672200134975,1.0377140807300398,1.1798937577630377,0.951225,0.0913790000000001,,,2,short_favorable_positive,bucket_1,True
CSEX,CLS,False,,letf_long,2.001886,ok,0.02326,70000.0,0.02326,False,17.209999084472656,1.572013,0.688769,0.785266,0.013,0.7123520555555555,2026-10-05,letf,0.7123520555555555,0.4769438403404337,0.5801514128659309,0.659172239636381,0.7392438172872052,0.8805152445769442,0.671644,0.017124999999999946,,,2,short_favorable_positive,bucket_1,True
CWVX,CRWV,False,,letf_long,1.994486,ok,-0.00508,100000.0,-0.00508,False,15.220000267028809,1.826141,0.898208,0.914622,0.013,0.8930574444444445,2026-10-05,letf,0.8930574444444445,0.6792500755234203,0.7893217128198526,0.8736929068856156,0.9561974857181426,1.0873501182087864,0.882586,0.015622000000000025,,,2,short_favorable_positive,bucket_1,True
FLYT,FLY,False,,letf_long,1.995723,ok,-0.207748,150000.0,-0.207748,False,5.159999847412109,2.131829,1.312801,1.068199,0.013,1.1021676111111112,2026-10-05,letf,1.1021676111111112,0.5725980766948672,0.8201453184115266,0.9599111538911309,1.1294184442241857,1.3405419805505872,1.186747,0.1260540000000001,,,2,short_favorable_positive,bucket_1,True
GEVX,GEV,False,,letf_long,2.005018,ok,-0.013811,55000.0,-0.013811,False,18.649999618530273,1.019607,0.337878,0.503179,0.013,0.3238751805555556,2026-10-05,letf,0.3238751805555556,0.17352569704054038,0.24174923549220098,0.287047768843008,0.3330966496300867,0.4034672975046283,0.30848,0.029398000000000035,,,2,short_favorable_positive,bucket_1,True
IREX,IREN,False,,letf_long,1.9947,ok,-0.023916,100000.0,-0.023916,False,13.039999961853027,2.069126,1.29278,1.043407,0.013,1.2685318333333333,2026-10-05,letf,1.2685318333333333,0.907537975626857,1.0112550781975216,1.1052883376539042,1.1907782479345075,1.319040753714717,1.133025,0.1597550000000001,,,2,short_favorable_positive,bucket_1,True
JOBX,JOBY,False,,letf_long,1.990377,ok,-0.312149,8000.0,-0.312149,False,6.679999828338623,1.330487,0.704929,0.66846,0.013,0.38844459722222224,2026-10-05,letf,0.38844459722222224,-0.024872423155350543,0.10820866167969924,0.19761747873399838,0.2935402302708524,0.42627675050822883,0.493203,0.21172600000000003,,,2,short_favorable_positive,bucket_1,True
LABX,ALAB,False,,letf_long,1.997911,ok,0.001629,350000.0,0.001629,False,15.59000015258789,1.936941,0.976593,0.969483,0.013,0.9782446250000001,2026-10-05,letf,0.9782446250000001,0.7619518601801806,0.8836782924611183,0.983623801765917,1.0882929699735997,1.216940795933952,0.99005,-0.013456999999999941,,,2,short_favorable_positive,bucket_1,True
LRCU,LRCX,False,,letf_long,2.005976,ok,0.025712,100000.0,0.025712,False,60.4900016784668,1.279693,0.494947,0.63794,0.013,0.5210161111111111,2026-10-05,letf,0.5210161111111111,-0.002547816026632761,0.1256957413163842,0.3043377022998662,0.43574543954165557,0.5602248133884054,0.464043,0.030904000000000043,,,2,short_favorable_positive,bucket_1,True
NEBX,NBIS,False,,letf_long,1.990785,ok,-0.049976,100000.0,-0.049976,False,26.149999618530273,2.050339,1.210398,1.037849,0.013,1.159727888888889,2026-10-05,letf,1.159727888888889,0.8854999150174543,0.9965457210118475,1.0834719769158956,1.155314005019892,1.284369400406864,1.115097,0.09530100000000008,,,2,short_favorable_positive,bucket_1,True
NVTX,NVTS,False,,letf_long,1.991245,ok,-0.413146,150000.0,-0.413146,False,17.649999618530273,2.405304,1.690732,1.20794,0.0281,1.271847861111111,2026-10-05,letf,1.271847861111111,0.8116938222344763,0.9999726275697259,1.114515745084876,1.2276275060708832,1.3932518620215664,1.507941,0.18279099999999993,,,2,short_favorable_positive,bucket_1,True
OPEX,OPEN,False,,letf_long,2.007912,ok,-0.333724,85000.0,-0.333724,False,3.5899999141693115,1.585819,0.928198,0.789785,0.013,0.5898389444444444,2026-10-05,letf,0.5898389444444444,0.12571141718084308,0.28668100276925057,0.4076201930873173,0.5228200138678915,0.6914054162754535,0.684681,0.24351699999999998,,,2,short_favorable_positive,bucket_1,True
PONX,PONY,False,,letf_long,2.007618,ok,-0.11731,50000.0,-0.11731,False,11.031100273132324,1.387492,0.712921,0.691114,0.013,0.5939816944444445,2026-10-05,letf,0.5939816944444445,0.20153148789671976,0.32656919620435304,0.4293726731284342,0.5193941083299711,0.6733339374012808,0.536596,0.17632500000000007,,,2,short_favorable_positive,bucket_1,True
QBTX,QBTS,False,,letf_long,1.97866,ok,-0.218998,400000.0,-0.218998,False,20.1200008392334,2.046034,1.282661,1.03405,0.0131,1.0606213611111113,2026-10-05,letf,1.0606213611111113,0.5943065345177561,0.7344446571852947,0.8509587140884509,0.9516431234859429,1.112690448161318,1.087698,0.194963,,,2,short_favorable_positive,bucket_1,True
QUBX,QUBT,False,,letf_long,1.989566,ok,-0.107319,150000.0,-0.107319,False,24.850000381469727,1.839312,1.108103,0.924479,0.013,0.9992934583333334,2026-10-05,letf,0.9992934583333334,0.572934774821767,0.6883712091305257,0.7898254395852683,0.8898081288803875,1.0292220754065353,0.894092,0.21401100000000006,,,2,short_favorable_positive,bucket_1,True
RGTU,RGTI,False,,letf_long,1.993505,ok,-0.497505,45000.0,-0.497505,False,9.739999771118164,1.94258,1.148303,0.974455,0.013,0.6438882083333335,2026-10-05,letf,0.6438882083333335,0.3048757984702838,0.43892292149614937,0.5298795562719374,0.6355137494983001,0.7997746524450293,0.99325,0.1550530000000001,,,2,short_favorable_positive,bucket_1,True
SMU,SMR,False,,letf_long,1.999792,ok,-0.116228,100000.0,-0.116228,False,15.09000015258789,1.980525,1.220609,0.993356,0.013,1.1027667222222224,2026-10-05,letf,1.1027667222222224,0.7378622858682655,0.8468924559165849,0.9113905970696263,0.9932121579872377,1.1249216565264302,1.03962,0.18098900000000007,,,2,short_favorable_positive,bucket_1,True
TARK,ARKK,False,,letf_long,1.990083,ok,-0.024606,1000.0,-0.024606,False,59.574100494384766,0.740911,0.236115,0.372302,0.0148,0.21116725,2026-10-05,letf,0.21116725,0.11557231916006301,0.15367230753182454,0.17993364285611974,0.2071205011652829,0.24563473751039325,0.191135,0.04497999999999999,,,2,short_favorable_positive,bucket_1,True
TEMT,TEM,False,,letf_long,1.986738,ok,-0.004069,200000.0,-0.004069,False,40.279998779296875,1.386328,0.649348,0.697791,0.0131,0.6452224861111111,2026-10-05,letf,0.6452224861111111,0.4116693016723153,0.47491158608135553,0.5391071060794572,0.5875503824042703,0.6591696081945354,0.530016,0.119332,,,2,short_favorable_positive,bucket_1,True
UNX,U,False,,letf_long,1.999159,ok,-0.011346,75000.0,-0.011346,False,27.27239990234375,1.296425,0.541759,0.648485,0.013,0.5302554166666666,2026-10-05,letf,0.5302554166666666,0.16025705993301897,0.31073217985560553,0.46154573315019143,0.6051739855592857,0.8448087078001009,0.473149,0.06861,,,2,short_favorable_positive,bucket_1,True
UPSX,UPST,False,,letf_long,2.000305,ok,-0.064022,65000.0,-0.064022,False,9.670000076293945,1.28545,0.606079,0.642627,0.013,0.5411678055555555,2026-10-05,letf,0.5411678055555555,0.23627466205813347,0.32064438841036724,0.36650977390163275,0.41786914451570933,0.4937281203005178,0.466351,0.13972800000000002,,,2,short_favorable_positive,bucket_1,True
WULX,WULF,False,,letf_long,1.996619,ok,-0.065186,15000.0,-0.065186,False,12.630000114440918,1.822701,1.055383,0.912894,0.013,0.9892916388888888,2026-10-05,letf,0.9892916388888888,0.5477413315614788,0.6808320828881881,0.7941535645328299,0.9122869750332672,1.071149675020203,0.882198,0.17318499999999992,,,2,short_favorable_positive,bucket_1,True
CRMU,CRML,False,,letf_long,1.990626,ok,-0.131578,250000.0,-0.131578,False,2.1500000953674316,2.208039,1.49024,1.241585,0.0075,1.3568345277777778,2026-10-05,letf,1.3568345277777778,0.9862694626202035,1.2296338147368577,1.3705958816492787,1.5604088289818137,1.8387023670745193,1.567229,-0.07698899999999997,,,2,short_favorable_positive,bucket_1,True
UECG,UEC,False,,letf_long,1.998754,ok,-0.112626,35000.0,-0.112626,False,2.7530999183654785,1.448958,0.75654,0.724931,0.0075,0.6423497499999999,2026-10-05,letf,0.6423497499999999,0.21088953627309426,0.35547729932619393,0.4773687832656313,0.5780870568711789,0.7599840961780474,0.572173,0.18436699999999995,,,2,short_favorable_positive,bucket_1,True
RCAX,RCAT,False,,letf_long,2.004261,ok,-0.120867,15000.0,-0.120867,False,8.044400215148926,2.009196,1.426282,1.002462,0.013,1.3037362916666666,2026-10-05,letf,1.3037362916666666,0.6742536658992203,0.8174939630007502,0.9360198250872305,1.038615260940479,1.230137146412413,1.064713,0.36156900000000003,,,2,short_favorable_positive,bucket_1,True
RDWU,RDW,False,,letf_long,1.993827,ok,-0.552986,500000.0,-0.552986,False,5.659999847412109,2.188857,1.583296,1.097817,0.015,1.0226296388888891,2026-10-05,letf,1.0226296388888891,0.3057622071641993,0.4964573020730634,0.6741446237005061,0.8240798009335273,1.0101593300754321,1.248998,0.334298,,,2,short_favorable_positive,bucket_1,True
OKLL,OKLO,False,,letf_long,1.999871,ok,-0.100008,750000.0,-0.100008,False,8.989999771118164,1.893172,1.185704,0.946647,0.0145,1.0843070000000001,2026-10-05,letf,1.0843070000000001,0.7276428479914457,0.8045152028290565,0.8756634368115407,0.9321238399048308,1.0248991907634015,0.950642,0.2350620000000001,,,2,short_favorable_positive,bucket_1,True
GDXU,GDX,False,,letf_long,2.424576,ok,-0.08839,150000.0,-0.08839,False,104.18000030517578,1.558111,0.50588,0.504843,0.0095,0.41626236111111115,2026-10-05,letf,0.41626236111111115,0.05598262564756377,0.29246258003747394,0.4444378549738661,0.5772454020059032,0.8133052315403715,0.506893,-0.0010130000000000416,,,2,short_favorable_positive,bucket_1,True
MRNX,MRNA,False,,letf_long,1.99314,ok,-0.095009,20000.0,-0.095009,False,154.07000732421875,1.42127,0.90604,0.750387,,0.8097114305555555,2026-10-05,letf,0.8097114305555555,-2.9775918669087185,-2.6369289202380393,0.3572654004089908,3.4425953824902016,6.752400235845245,0.597204,0.308836,,,2,short_favorable_positive,bucket_1,True
LITX,LITE,False,,letf_long,1.994832,ok,-0.013343,,-0.013343,False,42.650001525878906,1.900584,1.083174,0.952754,0.0149,1.0696456805555556,2026-10-05,letf,1.0696456805555556,0.694933765109712,0.8407114004447619,0.9341333799524623,1.0258535589710778,1.1534380940302418,0.955588,0.1275860000000001,,,2,short_favorable_positive,bucket_1,True
SNXX,SNDK,False,,letf_long,1.991371,ok,-0.025662,,-0.025662,False,15.979999542236328,2.172722,1.373579,1.106103,0.0149,1.3475605833333335,2026-10-05,letf,1.3475605833333335,0.9796248867162205,1.149816609752084,1.2590749508331063,1.356020475395101,1.5100524414419887,1.262407,0.11117200000000005,,,2,short_favorable_positive,bucket_1,True
WDCX,WDC,False,,letf_long,2.008056,ok,0.013262,45000.0,0.013262,False,16.030000686645508,1.684036,0.836791,0.83864,0.0149,0.8502371944444443,2026-10-05,letf,0.8502371944444443,0.6085543627966896,0.706020936469732,0.7873269411059935,0.859245953273421,0.9533014799436755,0.767242,0.06954899999999997,,,2,short_favorable_positive,bucket_1,True
LNOK,NOK,False,,letf_long,2.013277,ok,-0.104895,750000.0,-0.104895,False,16.229999542236328,1.289768,0.63839,0.640631,0.013,0.532038125,2026-10-05,letf,0.532038125,0.055083441025322005,0.2295420289411107,0.3574754881767363,0.5067774060742768,0.7086087488216286,0.472331,0.166059,,,2,short_favorable_positive,bucket_1,True
USGG,USAR,False,,letf_long,1.996958,ok,-0.381853,450000.0,-0.381853,False,3.778700113296509,1.955296,1.166963,0.979137,0.0075,0.7798064861111111,2026-10-05,letf,0.7798064861111111,0.3668591972443311,0.49879588210999054,0.6066342735499033,0.7071872356743885,0.8841695988577605,1.001897,0.16506599999999993,,,2,short_favorable_positive,bucket_1,True
ONDG,ONDS,False,,letf_long,2.002253,ok,-0.201943,650000.0,-0.201943,False,2.180000066757202,1.857746,1.041263,0.945469,0.0075,0.8365152361111112,2026-10-05,letf,0.8365152361111112,0.4942430956287491,0.6341250312003381,0.7515659388999278,0.8630725298803752,1.0725040005746909,0.944705,0.09655800000000003,,,2,short_favorable_positive,bucket_1,True
PLUL,PLUG,False,,letf_long,1.983511,ok,-0.629581,15000.0,-0.629581,False,5.7972002029418945,1.522048,0.763153,0.76735,0.0075,0.12482781944444454,2026-10-05,letf,0.12482781944444454,-0.34948386627407946,-0.1765352543366635,-0.03319884901891362,0.10750278242152184,0.2904179246806923,0.62136,0.14179299999999995,,,2,short_favorable_positive,bucket_1,True
ALBG,ALB,False,,letf_long,2.000726,ok,-0.02612,35000.0,-0.02612,False,4.149600028991699,1.067117,0.445281,0.533365,0.0075,0.4187982222222222,2026-10-05,letf,0.4187982222222222,0.18399247787391687,0.25747229700119734,0.3110667784659277,0.3680258183532268,0.4423572370289274,0.332497,0.112784,,,2,short_favorable_positive,bucket_1,True
UUUG,UUUU,False,,letf_long,1.996458,ok,-0.045035,60000.0,-0.045035,False,2.5,1.663426,0.89819,0.833189,0.0075,0.852529513888889,2026-10-05,letf,0.852529513888889,0.4656758626542618,0.5939171804416978,0.6892967091089359,0.7861168852286774,0.9170499867573633,0.738058,0.16013200000000005,,,2,short_favorable_positive,bucket_1,True
HUTG,HUT,False,,letf_long,1.999851,ok,-0.03014,50000.0,-0.03014,False,13.240799903869629,1.952959,1.172235,0.976552,0.0075,1.1416763888888888,2026-10-05,letf,1.1416763888888888,0.7198303888175651,0.8525214174384936,0.9581039817486965,1.0715612709700337,1.2306600973922384,1.001115,0.17111999999999994,,,2,short_favorable_positive,bucket_1,True
XPEG,XPEV,False,,letf_long,2.007743,ok,-0.078211,15000.0,-0.078211,False,2.4049999713897705,0.946895,0.354729,0.471622,0.0075,0.27543173611111116,2026-10-05,letf,0.27543173611111116,0.07330099052282955,0.1577019108726623,0.2160264098966211,0.2664910693376731,0.3457559338227725,0.273008,0.08172100000000004,,,2,short_favorable_positive,bucket_1,True
LUNL,LUNR,False,,letf_long,1.995194,ok,-0.135245,550000.0,-0.135245,False,3.319999933242798,2.199232,1.660641,1.102265,0.0134,1.5235175972222224,2026-10-05,letf,1.5235175972222224,0.6615142389929044,0.8468319008865268,0.9746186167757737,1.0993967445256159,1.292976252404598,1.25963,0.401011,,,2,short_favorable_positive,bucket_1,True
EOSU,EOSE,False,,letf_long,1.998161,ok,-0.177249,20000.0,-0.177249,False,5.090000152587891,2.08042,1.32711,1.041167,0.015,1.1473992083333333,2026-10-05,letf,1.1473992083333333,-1.8903532471733673,-0.23493217951920953,1.0633117394458163,2.3695220156684536,2.7395746349373806,1.136146,0.1909639999999999,,,2,short_favorable_positive,bucket_1,True
KEEX,KEEL,False,,letf_long,1.999809,ok,-0.176078,4000.0,-0.176078,False,6.46999979019165,2.069538,1.486265,1.034868,0.0135,1.3077414722222223,2026-10-05,letf,1.3077414722222223,0.5342751351505641,0.7886267325682451,0.9832657791761934,1.1417271002562088,1.3645291460079865,1.124317,0.36194799999999994,,,2,short_favorable_positive,bucket_1,True
FGRU,FIGR,False,,letf_long,1.995221,ok,-0.297257,20000.0,-0.297257,False,7.010000228881836,1.705294,1.004632,0.854689,0.015,0.7032464305555555,2026-10-05,letf,0.7032464305555555,0.041283177373412625,0.2773805954574796,0.4300174068451432,0.6325324892245241,0.8828179493542686,0.780253,0.224379,,,2,short_favorable_positive,bucket_1,True
APHU,APH,False,,letf_long,1.998559,ok,0.0348,30000.0,0.0348,False,28.289199829101562,0.888455,0.345273,0.444548,0.015,0.38055633333333333,2026-10-05,letf,0.38055633333333333,0.009413095908876,0.13117668250945605,0.22211440575575236,0.29733645759038896,0.4144666827711038,0.252318,0.09295500000000001,,,2,short_favorable_positive,bucket_1,True
COPZ,COPX,False,,letf_long,2.000665,ok,-0.007957,30000.0,-0.007957,False,15.872599601745605,0.975769,0.464209,0.487722,,0.4561414861111111,2026-10-05,letf,0.4561414861111111,0.05423435223045679,0.1799588544786227,0.2744224493723375,0.3641817563836139,0.5036588644789426,0.278317,0.185892,,,2,short_favorable_positive,bucket_1,True
LEUX,LEU,False,,letf_long,2.004317,ok,-0.24515,150000.0,-0.24515,False,7.449999809265137,1.549086,0.69532,0.772875,0.0149,0.4467651388888889,2026-10-05,letf,0.4467651388888889,0.07096712269954315,0.29051142479805003,0.42469222545815705,0.5654488818036486,0.7643770373571189,0.656463,0.03885700000000003,,,2,short_favorable_positive,bucket_1,True
COHX,COHR,False,,letf_long,2.004041,ok,-0.031927,1000000.0,-0.031927,False,29.6299991607666,1.907366,0.994034,0.95176,0.0149,0.9616635694444444,2026-10-05,letf,0.9616635694444444,0.6086896736179614,0.7551539769901586,0.8590868299364796,0.9739679122403317,1.1346347526201523,0.966588,0.02744599999999997,,,2,short_favorable_positive,bucket_1,True
FCXG,FCX,False,,letf_long,2.000712,ok,0.0135,20000.0,0.0135,False,15.904800415039062,0.98856,0.403593,0.494104,0.0075,0.4172805,2026-10-05,letf,0.4172805,-0.049377138125353555,0.08126380177524475,0.18498544407969117,0.3036443038313945,0.47479078331955604,0.292108,0.111485,,,2,short_favorable_positive,bucket_1,True
GLWG,GLW,False,,letf_long,1.999754,ok,-0.099127,1200000.0,-0.099127,False,14.03030014038086,1.658668,0.847495,0.829436,0.0075,0.7469912361111111,2026-10-05,letf,0.7469912361111111,0.43576672526698657,0.5407677554503242,0.6231717667260985,0.7219073755895948,0.8677177985775241,0.73538,0.11211499999999996,,,2,short_favorable_positive,bucket_1,True
SNDU,SNDK,False,,letf_long,1.994596,ok,-0.093349,250000.0,-0.093349,False,24.6299991607666,2.206229,1.470296,1.106103,0.015,1.3756504861111112,2026-10-05,letf,1.3756504861111112,0.8898959587291158,1.057784949310488,1.185629018795058,1.330759237858456,1.5025461063373708,1.268527,0.2017690000000001,,,2,short_favorable_positive,bucket_1,True
BITX,IBIT,False,,letf_long,1.993303,ok,0.023816,1200000.0,0.023816,False,20.56999969482422,0.86288,0.361382,0.434603,0.0275,0.3855287777777778,2026-10-05,letf,0.3855287777777778,0.23676100956544574,0.26036287705151195,0.2788166812313909,0.2971171375550414,0.3237475435514139,0.254398,0.10698399999999997,,,2,short_favorable_positive,bucket_1,True
ETHU,ETHA,False,,letf_long,1.991789,ok,-0.006973,1600000.0,-0.006973,False,30.719999313354492,1.263966,0.650083,0.632487,0.0297,0.6430131527777777,2026-10-05,letf,0.6430131527777777,0.37057836143676887,0.4197274350921519,0.45974872778011056,0.49923907803160283,0.5579812608038349,0.464676,0.185407,,,2,short_favorable_positive,bucket_1,True
XXRP,XRP,False,,letf_long,1.991004,ok,0.004585,200000.0,0.004585,False,35.380001068115234,1.390095,0.741512,0.699042,0.0277,0.7461606805555555,2026-10-05,letf,0.7461606805555555,0.2740051617394996,0.43039429386727057,0.5378693279466147,0.654748732864558,0.8688381251064797,0.549604,0.19190799999999997,,,2,short_favorable_positive,bucket_1,True
TXXD,GDOG,False,,letf_long,1.991119,ok,-0.109424,,-0.109424,False,47.73030090332031,1.342097,0.832598,0.674042,0.0336,0.7216542222222222,2026-10-05,letf,0.7216542222222222,0.20381584365697075,0.32706241987297346,0.4044144833855408,0.49492521088163494,0.5953295526990637,0.521721,0.31087699999999996,,,2,short_favorable_positive,bucket_1,True
TXXS,GSUI,False,,letf_long,1.975388,ok,-0.106298,9000.0,-0.106298,False,49.66510009765625,1.691828,0.694428,0.755046,0.0455,0.586653638888889,2026-10-05,letf,0.586653638888889,0.1143336620289073,0.35053176829507415,0.49784369205893114,0.6358027378043031,0.8686071855982115,0.633911,0.06051700000000004,,,2,short_favorable_positive,bucket_1,True
SUIL,GSUI,False,,letf_long,1.983782,ok,-0.059713,7000.0,-0.059713,False,14.229999542236328,1.382416,0.789466,0.755046,0.0185,0.7289236527777778,2026-10-05,letf,0.7289236527777778,-0.104559259465289,0.34661508894047777,0.5531887524068714,0.7261051934145667,0.973996278305314,0.614329,0.175137,,,2,short_favorable_positive,bucket_1,True
AVAZ,VAVX,False,,letf_long,1.990222,ok,-0.205864,1000.0,-0.205864,False,18.1299991607666,1.099824,0.670148,0.552614,0.0185,0.4614247777777778,2026-10-05,letf,0.4614247777777778,-0.16286722179857457,0.008104668388045647,0.1290673714999476,0.27450600665284725,0.4732850968643535,0.359205,0.31094299999999997,,,2,short_favorable_positive,bucket_1,True
TXXH,BHYP,False,,letf_long,1.982878,ok,-0.059218,1.0,-0.059218,False,79.34559631347656,1.580005,1.272089,0.796824,,1.2120485277777777,2026-10-05,letf,1.2120485277777777,0.32819902957351377,0.4774396509002107,0.5802422276743691,0.7011303586498407,0.8801069965583451,0.658207,0.613882,,,2,short_favorable_positive,bucket_1,True
ONDL,ONDS,False,,letf_long,1.993854,ok,-0.274125,45000.0,-0.274125,False,5.340000152587891,1.885128,1.377499,0.945469,0.0132,1.0995667083333334,2026-10-05,letf,1.0995667083333334,0.3180236051754464,0.49457492790706353,0.6455599757367467,0.787518483443087,0.9730833664514454,0.938821,0.438678,,,2,short_favorable_positive,bucket_1,True
MSTX,MSTR,False,,letf_long,1.986753,ok,-0.1453,25000.0,-0.1453,False,20.93000030517578,1.536516,1.120981,0.777224,0.0131,0.9736629444444445,2026-10-05,letf,0.9736629444444445,0.3744115292076059,0.43588971684170796,0.49436049541994675,0.5513229282143822,0.6264694251690728,0.644875,0.47610600000000003,,,2,short_favorable_positive,bucket_1,True
SMCX,SMCI,False,,letf_long,1.991255,ok,-0.108114,550000.0,-0.108114,False,15.100000381469727,1.624135,1.249377,0.815634,0.0132,1.1397614166666665,2026-10-05,letf,1.1397614166666665,0.289719067305218,0.43544343023527615,0.5900735285827736,0.7703405817972965,1.0819994868944804,0.709586,0.5397909999999999,,,2,short_favorable_positive,bucket_1,True
ORCX,ORCL,False,,letf_long,1.998378,ok,-0.005972,550000.0,-0.005972,False,19.770000457763672,1.12564,0.430775,0.563277,0.0131,0.4247200555555556,2026-10-05,letf,0.4247200555555556,0.2539640308753892,0.3128210586065894,0.36320392992962813,0.40793809721088786,0.4927119309588978,0.369724,0.06105100000000002,,,2,short_favorable_positive,bucket_1,True
IONX,IONQ,False,,letf_long,1.99027,ok,-0.141336,650000.0,-0.141336,False,26.200000762939453,1.814114,1.08357,0.913001,0.0138,0.940271,2026-10-05,letf,0.940271,0.591594377602132,0.6795979868885422,0.735872005925388,0.796913855412549,0.8907022265518935,0.875033,0.20853699999999997,,,2,short_favorable_positive,bucket_1,True
HIMZ,HIMS,False,,letf_long,1.997802,ok,-0.144745,100000.0,-0.144745,False,27.350000381469727,1.704066,1.048229,0.85297,0.0133,0.9014736527777778,2026-10-05,letf,0.9014736527777778,-0.4390703800127773,0.4509637668641381,0.6829651722950922,1.0892667052666898,1.2284092293627134,0.778553,0.269676,,,2,short_favorable_positive,bucket_1,True
IRE,IREN,False,,letf_long,1.994148,ok,-0.15053,600000.0,-0.15053,False,8.899999618530273,2.080708,1.464556,1.043407,,1.3119353055555556,2026-10-05,letf,1.3119353055555556,0.7782980544057203,0.8892537837743087,0.9903914106888734,1.0913661512176172,1.2475079970171317,1.119105,0.34545099999999995,,,2,short_favorable_positive,bucket_1,True
AVGX,AVGO,False,,letf_long,1.99689,ok,-0.0191,500000.0,-0.0191,False,40.189998626708984,0.895483,0.373142,0.448156,0.0131,0.3537767222222222,2026-10-05,letf,0.3537767222222222,0.1661085631847547,0.19838505405454596,0.23160528340283157,0.2657574306664975,0.3131741805844256,0.253063,0.12007899999999999,,,2,short_favorable_positive,bucket_1,True
RKLX,RKLB,False,,letf_long,1.994858,ok,-0.074471,200000.0,-0.074471,False,18.68000030517578,1.75346,0.988836,0.87899,0.0163,0.9133306805555557,2026-10-05,letf,0.9133306805555557,0.6176495229056501,0.6985149002762504,0.7545446191516432,0.8018404166711665,0.8884872257914332,0.822948,0.16588800000000004,,,2,short_favorable_positive,bucket_1,True
RGTX,RGTI,False,,letf_long,1.985125,ok,-0.186436,3000.0,-0.186436,False,8.6899995803833,1.944926,1.389724,0.974455,0.0156,1.200698611111111,2026-10-05,letf,1.200698611111111,0.6366284588344738,0.7327313122750013,0.8014146053180586,0.8765979372415958,0.9926615134833358,0.983663,0.406061,,,2,short_favorable_positive,bucket_1,True
SOFX,SOFI,False,,letf_long,2.000823,ok,-0.074414,8000.0,-0.074414,False,7.079999923706055,1.101666,0.551165,0.550606,0.0133,0.47571747222222227,2026-10-05,letf,0.47571747222222227,0.22168425214623116,0.26456151765468505,0.2956530197403824,0.32866214686333617,0.38102453887075777,0.357054,0.19411100000000003,,,2,short_favorable_positive,bucket_1,True
NVOX,NVO,False,,letf_long,2.008751,ok,-0.036354,400000.0,-0.036354,False,9.220000267028809,0.841818,0.415721,0.419075,0.0131,0.3788620833333333,2026-10-05,letf,0.3788620833333333,0.09439612737340142,0.16402812457099655,0.20550286893565334,0.25448046668088964,0.32378237756468575,0.231568,0.184153,,,2,short_favorable_positive,bucket_1,True
LLYX,LLY,False,,letf_long,1.993645,ok,0.017639,30000.0,0.017639,False,23.815000534057617,0.65007,0.273437,0.327377,0.0149,0.29132098611111107,2026-10-05,letf,0.29132098611111107,0.12629674893026444,0.15880217999567678,0.18700589696061073,0.2107557031891025,0.24243868420497408,0.160981,0.11245599999999997,,,2,short_favorable_positive,bucket_1,True
SOUX,SOUN,False,,letf_long,2.001701,ok,-0.161443,1000.0,-0.161443,False,7.9008002281188965,1.379542,0.890817,0.689185,0.0132,0.7271317361111111,2026-10-05,letf,0.7271317361111111,0.19291590948136036,0.29751722903358263,0.3494889494482436,0.4121610904327607,0.503338386282994,0.529637,0.36117999999999995,,,2,short_favorable_positive,bucket_1,True
QPUX,IONQ,False,,letf_long,1.944599,ok,-0.218976,45000.0,-0.218976,False,12.350000381469727,1.813898,1.342618,0.913001,0.0129,1.1206006666666668,2026-10-05,letf,1.1206006666666668,-0.5489799732830162,0.09470387237898818,0.5557531986404548,1.0311324488149805,1.7340015354935814,0.816433,0.5261850000000001,,,2,short_favorable_positive,bucket_1,True
HOOX,HOOD,False,,letf_long,1.99246,ok,-0.03849,10000.0,-0.03849,False,37.183101654052734,1.412605,0.665927,0.707062,0.0132,0.6269024166666667,2026-10-05,letf,0.6269024166666667,0.3470972705985486,0.423598210022821,0.47094994831680126,0.5294202748606212,0.6130804202618447,0.547374,0.11855300000000002,,,2,short_favorable_positive,bucket_1,True
RIOX,RIOT,False,,letf_long,1.995735,ok,-0.164037,10000.0,-0.164037,False,21.020000457763672,1.74777,1.066186,0.875753,0.0163,0.8998707083333335,2026-10-05,letf,0.8998707083333335,0.49862664482046876,0.5744352232663301,0.6372894812438621,0.7061365407573841,0.8060754013665186,0.818352,0.2478340000000001,,,2,short_favorable_positive,bucket_1,True
QSU,QS,False,,letf_long,2.009175,ok,-0.244802,50000.0,-0.244802,False,3.9700000286102295,1.469195,0.940478,0.731243,,0.6922759722222223,2026-10-05,letf,0.6922759722222223,0.1112120682029174,0.24298933213450125,0.324815464637676,0.4107286870758905,0.5425324845901106,0.582647,0.357831,,,2,short_favorable_positive,bucket_1,True
OSCX,OSCR,False,,letf_long,1.999059,ok,-0.18263,10000.0,-0.18263,False,37.355201721191406,1.317543,0.745882,0.659082,0.0132,0.5607154722222223,2026-10-05,letf,0.5607154722222223,0.16749239757742962,0.2575479961450281,0.3271185962476221,0.4073464551455961,0.5163427559639562,0.487118,0.25876400000000005,,,2,short_favorable_positive,bucket_1,True
ANEL,ANET,False,,letf_long,2.000296,ok,-0.09188,100000.0,-0.09188,False,28.20560073852539,1.046316,0.439654,0.523081,0.0145,0.3464978888888889,2026-10-05,letf,0.3464978888888889,0.15090989653564027,0.2050541235677149,0.24846838053775222,0.2997392746170037,0.35175550887792295,0.328427,0.11122699999999996,,,2,short_favorable_positive,bucket_1,True
VSTL,VST,False,,letf_long,1.998038,ok,0.018086,4000.0,0.018086,False,21.8799991607666,0.946818,0.408764,0.473874,0.013,0.42710119444444444,2026-10-05,letf,0.42710119444444444,0.20858749526142262,0.25765492553628266,0.293164725378435,0.32349720268569326,0.36400445418919947,0.276997,0.13176700000000002,,,2,short_favorable_positive,bucket_1,True
AVXX,AVAV,False,,letf_long,2.000549,ok,-0.091207,50000.0,-0.091207,False,20.2450008392334,1.494893,0.8077,0.747241,0.0131,0.7152262361111111,2026-10-05,letf,0.7152262361111111,0.3509520123784458,0.46601747737211996,0.5502704107155008,0.6233448784385294,0.7399162913543839,0.612131,0.195569,,,2,short_favorable_positive,bucket_1,True
PLU,PL,False,,letf_long,2.002433,ok,-0.084541,600.0,-0.084541,False,5.039999961853027,1.707574,1.104846,0.85275,0.0142,1.0191308194444444,2026-10-05,letf,1.0191308194444444,0.3239989508613331,0.5309902594783791,0.6625501734508836,0.8659744208421007,1.1461744624262975,0.784316,0.32053,,,2,short_favorable_positive,bucket_1,True
ADBU,ADBE,False,,letf_long,2.001716,ok,-0.074573,15000.0,-0.074573,False,20.620899200439453,0.929331,0.322861,0.407341,,0.2472522638888889,2026-10-05,letf,0.2472522638888889,0.027861080674237423,0.10399758332441097,0.15860810444333096,0.2113752095765923,0.2801813502814303,0.206603,0.116258,,,2,short_favorable_positive,bucket_1,True
PYPU,PYPL,False,,letf_long,1.996185,ok,-0.00828,300.0,-0.00828,False,31.961599349975586,0.793796,0.279485,0.388691,,0.27109,2026-10-05,letf,0.27109,0.036627725168760485,0.11098778556797086,0.1718624272259277,0.24047986177826458,0.3424481669361635,0.190244,0.08924099999999999,,,2,short_favorable_positive,bucket_1,True
TXNU,TXN,False,,letf_long,1.992422,ok,-0.1642,15000.0,-0.1642,False,48.37839889526367,0.86601,0.318673,0.434652,,0.15219244444444444,2026-10-05,letf,0.15219244444444444,-0.1375677054249888,-0.04920983042476566,0.037245572353385825,0.11847860533567525,0.24097951378405377,0.226656,0.09201699999999999,,,2,short_favorable_positive,bucket_1,True
UNHU,UNH,False,,letf_long,1.988068,ok,-0.086908,20000.0,-0.086908,False,44.17839813232422,0.524563,0.188658,0.27384,,0.10054294444444445,2026-10-05,letf,0.10054294444444445,-0.17558475823853473,-0.08550628657160246,-0.03580464741327829,0.03242510086979818,0.12003224047348095,0.113352,0.075306,,,2,short_favorable_positive,bucket_1,True
AAOX,AAOI,False,,letf_long,1.996021,ok,-0.069856,1300000.0,-0.069856,False,13.539999961853027,2.622627,2.016598,1.313928,0.0149,1.9457717777777779,2026-10-05,letf,1.9457717777777779,1.314299705317934,1.5203467700536324,1.6749281121824535,1.855893299655886,2.0923299637848314,1.771037,0.24556100000000014,,,2,short_favorable_positive,bucket_1,True
IBX,IBM,False,,letf_long,2.008928,ok,0.021519,100000.0,0.021519,False,15.59000015258789,0.933856,0.33467,0.464853,0.013,0.356487875,2026-10-05,letf,0.356487875,-0.027029402742785945,0.09785134661089746,0.24994095016917317,0.4373994213236704,0.7447880217477597,0.27253,0.06214000000000003,,,2,short_favorable_positive,bucket_1,True
AXTX,AXTI,False,,letf_long,1.998326,ok,-0.040125,700000.0,-0.040125,False,43.16999816894531,3.000715,2.531967,1.501614,0.0149,2.491284708333333,2026-10-05,letf,2.491284708333333,1.7481686189764427,1.9921084120646475,2.196732794832678,2.4093302640175613,2.6617273757491837,2.304199,0.22776799999999975,,,2,short_favorable_positive,bucket_1,True
CPNX,CPNG,False,,letf_long,1.993272,ok,-0.259507,25000.0,-0.259507,False,10.018400192260742,0.96408,0.361437,0.483667,0.0149,0.09832573611111112,2026-10-05,letf,0.09832573611111112,-0.2705557199929794,-0.0969696569931905,0.054843043208707296,0.18199152847088743,0.35632302749244776,0.286388,0.07504900000000003,,,2,short_favorable_positive,bucket_1,True
MPWX,MPWR,False,,letf_long,1.997833,ok,-0.038844,25000.0,-0.038844,False,17.5841007232666,1.211795,0.501263,0.606555,0.0149,0.4618795,2026-10-05,letf,0.4618795,0.09123741323676657,0.24955679265105313,0.4008066543171437,0.5019086826684508,0.6482042627787756,0.421707,0.07955600000000002,,,2,short_favorable_positive,bucket_1,True
STXX,STX,False,,letf_long,2.006101,ok,0.023095,7000.0,0.023095,False,42.099998474121094,1.537992,0.676375,0.766657,0.0149,0.6997907638888888,2026-10-05,letf,0.6997907638888888,0.44565727717889453,0.5748188731278414,0.6643823777113147,0.7710729167243828,0.8971186411945753,0.648478,0.02789699999999995,,,2,short_favorable_positive,bucket_1,True
STXL,STX,False,,letf_long,2.00714,ok,-0.024436,30000.0,-0.024436,False,33.11000061035156,1.533913,0.780501,0.766657,0.0131,0.7557256111111111,2026-10-05,letf,0.7557256111111111,0.32315651594205,0.5078919753829114,0.6401301904257908,0.7508015381331048,0.9095118349929436,0.64764,0.132861,,,2,short_favorable_positive,bucket_1,True
AMA,AMAT,False,,letf_long,1.999793,ok,-0.154579,100000.0,-0.154579,False,28.310100555419922,1.43341,0.695819,0.716779,0.0131,0.5390930694444445,2026-10-05,letf,0.5390930694444445,0.2331181457222928,0.31907648714177017,0.3976810474603609,0.46872693745827065,0.5973223804051632,0.566884,0.1289349999999999,,,2,short_favorable_positive,bucket_1,True
POEL,POET,False,,letf_long,1.997023,ok,-0.24776,,-0.24776,False,8.255000114440918,2.66971,2.510502,1.336845,0.0131,2.259300888888889,2026-10-05,letf,2.259300888888889,0.9458579041989303,1.2348534528276254,1.535255485862744,1.8166512600661935,2.245111678270958,1.832342,0.6781599999999999,,,2,short_favorable_positive,bucket_1,True
AMKL,AMKR,False,,letf_long,2.008865,ok,-0.177486,85000.0,-0.177486,False,7.210000038146973,1.667795,0.963309,0.830218,0.0131,0.7833579166666667,2026-10-05,letf,0.7833579166666667,0.17681021377879683,0.35477475825501104,0.5617521459960149,0.727216816900999,1.094763977347686,0.752091,0.21121800000000002,,,2,short_favorable_positive,bucket_1,True
AXTU,AXTI,False,,letf_long,2.000834,ok,-0.22709,35000.0,-0.22709,False,57.59080123901367,3.005655,2.528994,1.501614,0.015,2.298749972222222,2026-10-05,letf,2.298749972222222,1.5052953504913804,1.7893598325986961,2.007277638680568,2.2066865091115764,2.5948976250689664,2.31288,0.21611400000000014,,,2,short_favorable_positive,bucket_1,True
AMPU,AMPX,False,,letf_long,2.01035,ok,-0.49712,1000.0,-0.5098666541988017,False,1.9500000476837158,1.839589,1.434632,0.915059,0.0131,0.9176838644928815,2026-10-05,letf,0.9176838644928815,-0.16221273225982724,0.15280162960851248,0.433238710815131,0.7300521780430091,1.2196934034921263,0.904073,0.5305589999999999,,,2,short_favorable_positive,bucket_1,True
XNDX,XNDU,False,,letf_long,2.006675,ok,-0.196686,7000.0,-0.2830014417614159,False,1.3899999856948853,1.869741,1.100631,0.931761,0.0149,0.8136989826585643,2026-10-05,letf,0.8136989826585643,0.34663068512071743,0.6497133733520501,0.82117585963894,1.0060576601888265,1.307256522350803,0.932239,0.16839199999999988,,,2,short_favorable_positive,bucket_1,True
ASTY,ASTS,False,,letf_long,2.0037,ok,-0.156893,25000.0,-0.156893,False,5.03000020980835,2.084054,1.339094,1.064038,0.0131,1.1800219305555555,2026-10-05,letf,1.1800219305555555,0.6629665751159245,0.8510210458617061,1.0245687302054434,1.2105964866947774,1.4644710153602438,1.191897,0.14719700000000002,,,2,short_favorable_positive,bucket_1,True
ASUP,ASTS,False,,letf_long,1.996249,ok,-0.087671,1000.0,-0.087671,False,6.399199962615967,2.086173,1.296311,1.064038,0.015,1.2074223472222223,2026-10-05,letf,1.2074223472222223,0.601833522148507,0.863085086972814,1.0681724781685387,1.2990106026895138,1.6494457296243328,1.180844,0.11546699999999999,,,2,short_favorable_positive,bucket_1,True
LITU,LITE,False,,letf_long,1.997557,ok,-0.065113,30000.0,-0.065113,False,26.600000381469727,1.84281,1.035762,0.952754,0.015,0.9697446527777779,2026-10-05,letf,0.9697446527777779,0.6243469758590178,0.7739849642256103,0.8953291748583971,0.9910048224022256,1.108645785528954,0.959498,0.07626400000000011,,,2,short_favorable_positive,bucket_1,True
OSSL,OSS,False,,letf_long,2.009679,ok,-0.129034,,-0.129034,False,3.107300043106079,1.563906,1.032744,0.778187,0.0131,0.9019178611111112,2026-10-05,letf,0.9019178611111112,0.12166563028904243,0.39238402890031215,0.5521956968816972,0.7366997687365118,0.9676706644555453,0.668064,0.3646800000000001,,,2,short_favorable_positive,bucket_1,True
UMAL,UMAC,False,,letf_long,2.002465,ok,-0.164329,2000.0,-0.164329,False,9.4399995803833,2.285729,1.785106,1.141458,0.0131,1.618494652777778,2026-10-05,letf,1.618494652777778,0.6047256618252076,0.9541771759165426,1.1973064526770267,1.4732775731485794,1.8090576911408232,1.361127,0.4239790000000001,,,2,short_favorable_positive,bucket_1,True
PUR,PURR,False,,letf_long,1.993092,ok,-0.173803,15000.0,-0.173803,False,35.826900482177734,1.743391,1.21955,0.874717,,1.0433330694444443,2026-10-05,letf,1.0433330694444443,0.18810750414926086,0.45391880608788415,0.6533363152341843,0.852018042741419,1.1301795682493923,0.797122,0.4224279999999999,,,2,short_favorable_positive,bucket_1,True
OUSL,OUST,False,,letf_long,1.993635,ok,-0.142026,,-0.142026,False,18.31999969482422,1.824752,1.193846,0.915289,0.0131,1.0498474166666667,2026-10-05,letf,1.0498474166666667,0.26505672420644394,0.5749139049345331,0.7495794780804822,0.9369601102535604,1.2034802643129492,0.882797,0.3110489999999999,,,2,short_favorable_positive,bucket_1,True
BTCU,IBIT,False,,letf_long,1.997757,ok,-0.004242,8000.0,-0.004242,False,28.559999465942383,0.804149,0.27633,0.434603,,0.27202908333333337,2026-10-05,letf,0.27202908333333337,0.13060707325164903,0.18821596966172022,0.22412144627415537,0.2592830730012767,0.31216948624831264,0.228335,0.04799500000000001,,,2,short_favorable_positive,bucket_1,True
EVMU,ETHA,False,,letf_long,1.991218,ok,-0.323797,4000.0,-0.323797,False,36.19160079956055,1.019001,0.436969,0.632487,,0.10867481944444446,2026-10-05,letf,0.10867481944444446,-0.03146766315117859,0.04493072392924316,0.11949207235981743,0.18190109700266185,0.3323790197773887,0.434613,0.0023559999999999692,,,2,short_favorable_positive,bucket_1,True
UGLD,GLD,False,,letf_long,1.999615,ok,-0.010609,25000.0,-0.010609,False,19.649999618530273,0.523954,0.17303,0.262027,,0.16227365277777778,2026-10-05,letf,0.16227365277777778,-0.22699692958800932,-0.03895999983444214,0.09894796210251154,0.2358129275622693,0.4076075581710585,0.108783,0.06424699999999998,,,2,short_favorable_positive,bucket_1,True
USLV,SLV,False,,letf_long,1.997978,ok,-0.366785,50000.0,-0.366785,False,13.850000381469727,0.813338,0.314024,0.572617,,-0.0578552361111111,2026-10-05,letf,-0.0578552361111111,-0.19609256925969448,-0.09059714464522184,-0.00335627777831754,0.0778065797854731,0.19259279111795397,0.366995,-0.05297099999999999,,,2,short_favorable_positive,bucket_1,True
MCHU,MCHP,False,,letf_long,1.991832,ok,-0.004208,9000.0,-0.004208,False,15.51200008392334,1.072703,0.424715,0.507006,0.0149,0.42044855555555555,2026-10-05,letf,0.42044855555555555,-0.03205475824093777,0.17446631116068254,0.31033763877185094,0.4445909849643641,0.6342961753897052,0.308666,0.11604900000000001,,,2,short_favorable_positive,bucket_1,True
NXPX,NXPI,False,,letf_long,1.998789,ok,-0.004,6000.0,-0.004,False,12.276100158691406,0.982979,0.349297,0.450066,0.013,0.3452414444444445,2026-10-05,letf,0.3452414444444445,-0.7107360790801674,-0.1137021439259519,0.2368490403615195,0.6167412538245489,1.1095239636514365,0.255323,0.093974,,,2,short_favorable_positive,bucket_1,True
ONX,ON,False,,letf_long,2.000347,ok,0.00587,100000.0,0.00587,False,8.885000228881836,1.362587,0.638007,0.681175,0.013,0.6439585277777777,2026-10-05,letf,0.6439585277777777,-0.1467219915308592,0.20876706814343113,0.46905180221784043,0.7285697465825524,1.275822320173052,0.517435,0.12057200000000001,,,2,short_favorable_positive,bucket_1,True
CBRX,CBRS,False,,letf_long,1.998632,ok,-0.186132,20000.0,-0.186132,False,8.289999961853027,2.247326,1.401905,1.124432,0.0149,1.2131878333333332,2026-10-05,letf,1.2131878333333332,0.6967730018798125,0.9543043430208481,1.1519783593812365,1.3386366315998044,1.5863123277006863,1.316779,0.08512600000000003,,,2,short_favorable_positive,bucket_1,True
VELL,VELO,False,,letf_long,2.001825,ok,-0.370826,800.0,-0.370826,False,2.0899999141693115,2.714582,2.503668,1.356054,0.0131,2.127691638888889,2026-10-05,letf,2.127691638888889,0.8909414891328061,1.2533167423031597,1.5452130916789666,1.8014888706937435,2.341878931022638,1.897273,0.6063949999999998,,,2,short_favorable_positive,bucket_1,True
SPCU,SPCX,False,,letf_long,1.999466,ok,-0.575263,800000.0,-0.575263,False,17.0,1.500995,0.942352,0.74586,0.0131,0.35909923611111116,2026-10-05,letf,0.35909923611111116,-0.7066027272977586,-0.31618898258222006,0.019221993665638093,0.3354857881121858,0.7541033610065242,0.60912,0.333232,,,2,short_favorable_positive,bucket_1,True
SPCM,SPCX,False,,letf_long,1.997289,ok,-0.415122,150000.0,-0.415122,False,22.15999984741211,1.493321,0.791349,0.74586,0.0149,0.37046141666666665,2026-10-05,letf,0.37046141666666665,-0.4837166102323012,-0.12830381861810092,0.1895819716195808,0.45836678099327594,0.8468570597958701,0.609018,0.18233100000000002,,,2,short_favorable_positive,bucket_1,True
SPCL,SPCX,False,,letf_long,1.860959,ok,-0.339209,10000.0,-0.339209,False,23.989999771118164,1.382018,2.976651,0.74586,,2.632730763888889,2026-10-05,letf,2.632730763888889,-2.349910431147886,-0.9822232941206767,0.0423365645279907,1.2699000060780419,2.772907115286794,0.480254,2.496397,,,2,short_favorable_positive,bucket_1,True
LOFF,SPCX,False,,letf_long,1.997654,ok,-0.231393,250000.0,-0.231393,False,21.459999084472656,1.490168,0.906137,0.74586,,0.6715302083333333,2026-10-05,letf,0.6715302083333333,-0.5334730385038002,-0.09583886266161631,0.19945969873941918,0.5256052727970582,0.9225398788551197,0.594437,0.3117,,,2,short_favorable_positive,bucket_1,True
SPAX,SPCX,False,,letf_long,1.997728,ok,-0.116997,350000.0,-0.116997,False,12.989999771118164,1.500944,0.888648,0.74586,0.015,0.7700260416666667,2026-10-05,letf,0.7700260416666667,-0.30939730543368604,0.06443698827869968,0.3692339469130064,0.688811479960962,1.028925110645607,0.609501,0.27914700000000003,,,2,short_favorable_positive,bucket_1,True
INFH,INFQ,False,,letf_long,1.994201,ok,-0.32786,10000.0,-0.32786,False,7.320000171661377,1.695272,1.237472,0.850101,,0.9050583888888888,2026-10-05,letf,0.9050583888888888,-0.1769928741978184,0.22741794293584014,0.5094290548006326,0.7802780097197584,1.331660877888429,0.756345,0.48112699999999986,,,2,short_favorable_positive,bucket_1,True
ACLZ,ACLS,False,,letf_long,1.997959,ok,-0.06163,,-0.06163,False,13.861599922180176,1.363918,0.644448,0.682656,0.0045,0.5819620277777778,2026-10-05,letf,0.5819620277777778,0.12697132364718386,0.31337293853261633,0.44753665438977697,0.583278003488512,0.854629607799731,0.509191,0.13525700000000007,,,2,short_favorable_positive,bucket_1,True
ACMM,ACMR,False,,letf_long,1.996072,ok,-0.063454,200.0,-0.063454,False,11.01830005645752,1.844381,0.926229,0.924005,0.0045,0.8618936944444444,2026-10-05,letf,0.8618936944444444,0.279883055201678,0.5786647431686585,0.790688946680896,1.0136218345902175,1.4340910654893384,0.893283,0.03294599999999992,,,2,short_favorable_positive,bucket_1,True
CAMC,CAMT,False,,letf_long,2.001743,ok,-0.06163,,-0.06163,False,19.850000381469727,1.459366,0.648016,0.729048,0.0045,0.5855300277777779,2026-10-05,letf,0.5855300277777779,0.14606955389390378,0.33419797326030903,0.5264832844928928,0.6830722780458854,0.9390935762459904,0.577651,0.07036500000000001,,,2,short_favorable_positive,bucket_1,True
CRUC,CRUS,False,,letf_long,2.005231,ok,-0.12213,9000.0,-0.12213,False,13.789999961853027,0.676335,0.223151,0.337285,0.0045,0.09932474999999999,2026-10-05,letf,0.09932474999999999,-0.11317360799566588,-0.005151160103923802,0.08407673315742867,0.16705147756935293,0.268223517459776,0.159546,0.063605,,,2,short_favorable_positive,bucket_1,True
LASC,LASR,False,,letf_long,2.004861,ok,-0.013376,20000.0,-0.013376,False,6.424799919128418,1.732711,1.042027,0.864255,0.0045,1.0284652222222224,2026-10-05,letf,1.0284652222222224,0.20335519232948532,0.47892264519060085,0.7643874297687743,1.0039380870312957,1.4723855017575362,0.797267,0.2447600000000001,,,2,short_favorable_positive,bucket_1,True
LRNX,LRN,False,,letf_long,1.983199,ok,-0.277505,,-0.277505,False,20.34000015258789,0.674558,0.331675,0.340136,0.0045,0.05031576388888892,2026-10-05,letf,0.05031576388888892,-0.4407312249429216,-0.18929932249232548,-0.021240069396871758,0.16358486464185662,0.45320592564053824,0.156798,0.174877,,,2,short_favorable_positive,bucket_1,True
MNSX,MNST,False,,letf_long,1.998929,ok,-0.104255,,-0.104255,False,19.969999313354492,0.484487,0.194419,0.242373,0.0045,0.0887160138888889,2026-10-05,letf,0.0887160138888889,-0.2705864593434179,-0.16650666682070792,-0.07464478254664461,-0.0028492139341594613,0.07687684293235704,0.103287,0.091132,,,2,short_favorable_positive,bucket_1,True
SIMX,SIMO,False,,letf_long,1.997747,ok,-0.157807,8000.0,-0.157807,False,14.472599983215332,1.812883,1.022166,0.907464,0.0045,0.862167236111111,2026-10-05,letf,0.862167236111111,0.11871081038455693,0.46766731229393693,0.699126328451903,0.9625335370468336,1.2857915747434374,0.865299,0.15686699999999987,,,2,short_favorable_positive,bucket_1,True
UMCX,UMC,False,,letf_long,2.000725,ok,-0.346943,10000.0,-0.346943,False,17.770000457763672,1.378617,0.664111,0.623926,0.0045,0.31234934722222224,2026-10-05,letf,0.31234934722222224,-0.25952611654124064,0.0578443373497049,0.2579597145676491,0.43481246439309185,0.7126195648268796,0.434416,0.22969499999999998,,,2,short_favorable_positive,bucket_1,True
CARX,CART,False,,letf_long,1.99845,ok,-0.16613,,-0.16613,False,21.280000686645508,0.736513,0.289629,0.368542,0.0045,0.12119163888888893,2026-10-05,letf,0.12119163888888893,-0.18764389904315854,-0.06250589684300938,0.019549153368685068,0.10286392875971606,0.23531009813471884,0.180125,0.10950400000000002,,,2,short_favorable_positive,bucket_1,True
MSIX,MSI,False,,letf_long,1.989031,ok,-0.05888,,-0.05888,False,31.549999237060547,0.406836,0.205152,0.20454,0.0045,0.14545422222222223,2026-10-05,letf,0.14545422222222223,-0.15715599844723138,-0.04791445119431953,0.028587737994435442,0.09969653729200238,0.20510815892974907,0.08539,0.11976200000000001,,,2,short_favorable_positive,bucket_1,True
ONTX,ONTO,False,,letf_long,1.998297,ok,-0.097431,10000.0,-0.097431,False,20.273700714111328,1.770204,0.844813,0.885856,0.0045,0.7460287916666667,2026-10-05,letf,0.7460287916666667,0.15957225194138908,0.49815644187217695,0.7100287308558948,0.9165599172054583,1.206744301017668,0.827349,0.017464000000000035,,,2,short_favorable_positive,bucket_1,True
RMBC,RMBS,False,,letf_long,1.998706,ok,-0.042228,15000.0,-0.042228,False,15.527400016784668,1.400794,0.582975,0.70085,0.0045,0.5401605,2026-10-05,letf,0.5401605,0.03522247908593697,0.2974439923983918,0.49082103014417267,0.6895656461793717,1.0058582929706847,0.534866,0.04810900000000007,,,2,short_favorable_positive,bucket_1,True
TPLX,TPL,False,,letf_long,1.99714,ok,-0.09463,,-0.09463,False,19.3799991607666,0.882086,0.334551,0.441675,0.0045,0.23860669444444443,2026-10-05,letf,0.23860669444444443,-0.12085184815922993,0.029969219333435985,0.15769696585974247,0.29509196853204495,0.49316775994526646,0.238806,0.095745,,,2,short_favorable_positive,bucket_1,True
KEYX,KEYS,False,,letf_long,1.990604,ok,,,,False,27.280000686645508,0.840484,0.293694,0.428552,0.0045,,2026-10-05,letf,,,,,,,0.225379,0.06831500000000001,,,2,short_favorable_positive,bucket_1,True
NVC,NVDA,False,,letf_long,1.991227,ok,0.02975,,0.02975,False,33.5099983215332,0.685519,0.253991,0.368602,0.002,0.28415419444444445,2026-10-05,letf,0.28415419444444445,0.0006617440891379451,0.11078503709143062,0.20959033809171082,0.2934605710197317,0.44216724162106863,0.175912,0.07807900000000001,,,2,short_favorable_positive,bucket_1,True
TESC,TSLA,False,,letf_long,1.996667,ok,-0.004,3000.0,-0.004,False,21.690000534057617,0.958591,0.406751,0.438233,0.002,0.40269544444444444,2026-10-05,letf,0.40269544444444444,0.05624950438182016,0.16129095229102958,0.24351838498706735,0.326416979198526,0.4669964021395552,0.233135,0.17361599999999996,,,2,short_favorable_positive,bucket_1,True
AMDC,AMD,False,,letf_long,1.998423,ok,-0.001798,9000.0,-0.001798,False,30.21299934387207,1.321304,0.546886,0.683108,0.002,0.5450630277777777,2026-10-05,letf,0.5450630277777777,0.1698868906327213,0.34922523279292755,0.5008494577118363,0.648546635464103,0.8559827457614358,0.50765,0.03923599999999994,,,2,short_favorable_positive,bucket_1,True
COIX,COIN,False,,letf_long,1.993406,ok,0.000375,,0.000375,False,34.310001373291016,1.448438,0.65369,0.706244,0.002,0.6540702083333333,2026-10-05,letf,0.6540702083333333,0.30252568402375096,0.4489962783009155,0.5367212177205378,0.6370262352310686,0.7572120598916692,0.535773,0.11791699999999994,,,2,short_favorable_positive,bucket_1,True
GOGL,GOOGL,False,,letf_long,1.996137,ok,-0.161277,500.0,-0.161277,False,23.920000076293945,0.651057,0.213182,0.303903,0.002,0.04966504166666669,2026-10-05,letf,0.04966504166666669,-0.17791928971203905,-0.07403826316487705,-0.0021306543538193723,0.0689501425501276,0.17085385026832084,0.133847,0.07933500000000002,,,2,short_favorable_positive,bucket_1,True
FBX,META,False,,letf_long,1.995437,ok,-0.083172,2000.0,-0.083172,False,42.30820083618164,0.94673,0.368119,0.40903,0.002,0.2837918333333333,2026-10-05,letf,0.2837918333333333,-0.019197440576004875,0.06564946501834597,0.1176911390352828,0.17859772287092412,0.26952935773003034,0.208159,0.15995999999999996,,,2,short_favorable_positive,bucket_1,True
MSFC,MSFT,False,,letf_long,1.990327,ok,-0.271088,,-0.271088,False,51.91389846801758,0.516523,0.231998,0.278585,0.002,-0.042855111111111094,2026-10-05,letf,-0.042855111111111094,-0.22291047400173114,-0.1239565581505816,-0.04972768547272685,0.03522780302953935,0.13264593667790472,0.118278,0.11372000000000002,,,2,short_favorable_positive,bucket_1,True
MSTC,MSTR,False,,letf_long,1.983503,ok,0.01125,2000.0,0.01125,False,70.0199966430664,1.56998,0.841781,0.777224,0.002,0.85318725,2026-10-05,letf,0.85318725,0.34045178712655666,0.5077545552357535,0.6449597038882757,0.7640422042181958,0.9640304696642569,0.630728,0.21105300000000005,,,2,short_favorable_positive,bucket_1,True
PLTL,PLTR,False,,letf_long,1.992458,ok,-0.01213,10000.0,-0.01213,False,67.0199966430664,1.005158,0.348865,0.533164,0.002,0.33656652777777774,2026-10-05,letf,0.33656652777777774,-0.0086304676483765,0.12019674104764726,0.2412687041797011,0.4153750931021769,0.6473184518427827,0.322933,0.025931999999999955,,,2,short_favorable_positive,bucket_1,True
MIC,MU,False,,letf_long,1.994513,ok,-0.126364,10000.0,-0.126364,False,15.788399696350098,1.435083,0.744715,0.798803,0.0045,0.6165959444444444,2026-10-05,letf,0.6165959444444444,-0.1327075061064579,0.27486941730582504,0.5659061428082315,0.8330000450446707,1.2678284844092538,0.677304,0.067411,,,2,short_favorable_positive,bucket_1,True
AMAA,AMZN,False,,letf_long,1.99348,ok,-0.052529,2000.0,-0.052529,False,28.674699783325195,0.554467,0.23742,0.302823,0.0045,0.18416143055555556,2026-10-05,letf,0.18416143055555556,-0.0725414894835171,0.023856210156820802,0.0774446939233417,0.1607831176940453,0.26820270598622553,0.135225,0.10219499999999998,,,2,short_favorable_positive,bucket_1,True
SNDC,SNDK,False,,letf_long,2.001402,ok,-0.183316,7000.0,-0.183316,False,8.350000381469727,2.269621,1.594285,1.106103,0.0045,1.4084229444444445,2026-10-05,letf,1.4084229444444445,0.568467722069702,0.8559803252986866,1.115101072432139,1.387431095210185,1.7696675376323288,1.270774,0.3235109999999999,,,2,short_favorable_positive,bucket_1,True
TWSC,TSM,False,,letf_long,1.993106,ok,-0.26513,,-0.26513,False,27.729999542236328,0.75666,0.25289,0.401782,0.0045,-0.01592236111111106,2026-10-05,letf,-0.01592236111111106,-0.23367405819181364,-0.10163725322391301,-0.006463851551237729,0.1026039641898143,0.25743096091387974,0.204166,0.04872400000000002,,,2,short_favorable_positive,bucket_1,True
APPC,APP,False,,letf_long,1.998836,ok,-0.08771,2000.0,-0.08771,False,8.345499992370605,1.187731,0.694928,0.758199,0.0045,0.6059998055555555,2026-10-05,letf,0.6059998055555555,0.10963845311690353,0.30274270047353885,0.47745734807581663,0.6677932679811128,0.9282935028871926,0.618496,0.07643199999999994,,,2,short_favorable_positive,bucket_1,True
ASTT,ASTS,False,,letf_long,1.99603,ok,-0.23213,,-0.23213,False,15.270000457763672,1.690408,0.820671,1.064038,0.0045,0.5853169722222222,2026-10-05,letf,0.5853169722222222,0.5876597775101793,0.7609751741364135,0.9237343606490309,1.079932445695446,1.3589823514076322,1.169964,-0.34929299999999996,,,2,short_favorable_positive,bucket_1,True
UCTX,UCTT,False,,letf_long,1.999469,ok,-0.066151,2000.0,-0.066151,False,6.561600208282471,2.102938,1.24611,1.051748,0.0045,1.1790402361111112,2026-10-05,letf,1.1790402361111112,0.42132396103327036,0.7814176756141097,1.0883826371383456,1.3507250841589848,1.843703754600817,1.149952,0.09615799999999997,,,2,short_favorable_positive,bucket_1,True
CIEX,CIEN,False,,letf_long,1.999193,ok,-0.042303,2000.0,-0.042303,False,13.100600242614746,1.509003,0.654412,0.763346,0.0149,0.6115214583333334,2026-10-05,letf,0.6115214583333334,0.10598744030894172,0.39824574826261194,0.6073284291454172,0.7821135914808609,1.0700022254145294,0.63704,0.017371999999999943,,,2,short_favorable_positive,bucket_1,True
QNTU,QNT,False,,letf_long,2.000355,ok,-0.155289,10000.0,-0.155289,False,6.150000095367432,1.549878,0.730911,0.774801,0.0149,0.5734652083333334,2026-10-05,letf,0.5734652083333334,0.018785214790321008,0.289870793912661,0.49631228248470083,0.7244953392662429,1.107013007053636,0.655731,0.07518000000000002,,,2,short_favorable_positive,bucket_1,True
RMBX,RMBS,False,,letf_long,2.005179,ok,-0.080675,2000.0,-0.080675,False,14.731200218200684,1.374766,0.637624,0.70085,0.0149,0.5558285138888889,2026-10-05,letf,0.5558285138888889,0.0033381166463856055,0.2619767608854472,0.4520788965367044,0.6831241517654574,0.9786550910725305,0.550301,0.08732299999999993,,,2,short_favorable_positive,bucket_1,True
TSEU,TSEM,False,,letf_long,1.997395,ok,-0.211255,300.0,-0.211255,False,17.969999313354492,1.715725,0.931212,0.858981,0.0149,0.7170229027777778,2026-10-05,letf,0.7170229027777778,0.2404602011721212,0.49170363843107656,0.6927662225098818,0.8962893492714552,1.1371253119478828,0.789943,0.1412690000000001,,,2,short_favorable_positive,bucket_1,True
TTMX,TTMI,False,,letf_long,2.001558,ok,-0.17516,15000.0,-0.17516,False,10.069999694824219,1.702391,0.938708,0.850533,0.0149,0.7611152222222222,2026-10-05,letf,0.7611152222222222,0.18167526674595327,0.4559371688157995,0.6474597526387094,0.8609660274170818,1.1598823578038635,0.78024,0.15846799999999994,,,2,short_favorable_positive,bucket_1,True
SK,SKHY,False,,letf_long,1.999786,ok,-0.074113,80000.0,-0.074113,False,31.200000762939453,1.619299,0.951474,0.809133,0.005,0.8763316527777778,2026-10-05,letf,0.8763316527777778,0.36274284790163774,0.5169697037648889,0.6186179046647544,0.7320034615468758,0.9078149947932491,0.699657,0.25181700000000007,,,2,short_favorable_positive,bucket_1,True
HYNX,SKHY,False,,letf_long,2.000286,ok,-0.006674,40000.0,-0.006674,False,31.459999084472656,1.625187,0.891915,0.809133,0.0125,0.8851483055555556,2026-10-05,letf,0.8851483055555556,-0.19048785318848466,0.5044431084295364,0.6493723191354506,0.7786581346688857,0.9883174839637141,0.707669,0.18424600000000002,,,2,short_favorable_positive,bucket_1,True
SKHL,SKHY,False,,letf_long,1.997888,ok,-0.009591,80000.0,-0.009591,False,12.069999694824219,1.577655,0.914564,0.809133,0.0097,0.9048397916666667,2026-10-05,letf,0.9048397916666667,-1.1037704238550814,0.3714164266224016,0.5822203797575909,0.7554957313291618,0.966167437370969,0.702419,0.21214500000000003,,,2,short_favorable_positive,bucket_1,True
SKHA,SKHY,False,,letf_long,1.997274,ok,-0.004,2000.0,-0.004,False,40.46070098876953,1.32545,0.541895,0.809133,0.0149,0.5378394444444444,2026-10-05,letf,0.5378394444444444,0.08472357603080534,0.3300706651313263,0.5396312584614478,0.7321562063311686,1.0368587881143405,0.706992,-0.16509699999999994,,,2,short_favorable_positive,bucket_1,True
MRAX,MRAM,False,,letf_long,2.000801,ok,-0.330519,,-0.330519,False,29.44499969482422,1.440574,,0.719999,0.0149,,2026-10-05,letf,0.23902445833333336,-0.4781627273165841,-0.003970943517990447,0.37009760653832335,0.6975988273262711,1.258738988241764,0.574134,,,,2,short_favorable_positive,bucket_1,True
SITX,SITM,False,,letf_long,2.001854,ok,0.00897,1000.0,0.00897,False,23.897499084472656,1.367561,,0.683147,0.0149,,2026-10-05,letf,0.5322375833333334,0.046253722350121915,0.30981170502049826,0.5046413570053316,0.6842284203492974,1.040855745131587,0.523143,,,,2,short_favorable_positive,bucket_1,True
UMCU,UMC,False,,letf_long,1.998074,ok,-0.06163,,-0.06163,False,37.979801177978516,0.970893,,0.623926,0.0149,,2026-10-05,letf,0.38067602777777776,-0.5812594718688318,0.15462061052649878,0.348673973926531,0.5257005625178577,0.7833150945499338,0.443162,,,,2,short_favorable_positive,bucket_1,True
LWLX,LWLG,False,,letf_long,2.002155,ok,-0.13313,2000.0,-0.13313,False,12.514800071716309,1.361511,,0.680023,0.0149,,2026-10-05,letf,0.3841149722222223,-0.2505425185079658,0.12062613252076516,0.3710750696649612,0.5621842862571806,0.8455229791743826,0.519094,,,,2,short_favorable_positive,bucket_1,True
SPAL,SPCX,False,,letf_long,1.997539,ok,-0.300248,150000.0,-0.300248,False,21.719999313354492,1.485733,0.833109,0.74586,0.015,0.5286908888888888,2026-10-05,letf,0.5286908888888888,-0.4468742850366679,-0.04062951926536974,0.24698611801241627,0.5849218354965829,0.9766853050136048,0.609336,0.223773,,,2,short_favorable_positive,bucket_1,True
KMLI,MELI,False,,letf_long,2.000914,ok,0.005938,15000.0,0.005938,False,9.359999656677246,0.814995,0.296637,0.407311,0.0126,0.3026574722222222,2026-10-05,letf,0.3026574722222222,0.1271904995094153,0.18431936010767086,0.2277630518670778,0.2665428728289265,0.3307269362268297,0.218946,0.07769099999999998,,,2,short_favorable_positive,bucket_1,True
AKAL,AKAM,False,,letf_long,1.998652,ok,-0.09798,25000.0,-0.09798,False,18.110000610351562,1.014727,0.398476,0.507706,0.015,0.2991351666666667,2026-10-05,letf,0.2991351666666667,-0.046768736019349506,0.11703230134333664,0.21395557660305395,0.3127352577935322,0.48955823083303135,0.31237,0.08610600000000002,,,2,short_favorable_positive,bucket_1,True
OCNL,DOCN,False,,letf_long,1.995806,ok,-0.277258,94.0,-0.277258,False,27.096500396728516,1.47691,0.917103,0.740007,0.015,0.6359941944444445,2026-10-05,letf,0.6359941944444445,-0.3526872149278854,0.14118398864382944,0.40992127050064764,0.7090902631202699,1.0642805602649679,0.599182,0.317921,,,2,short_favorable_positive,bucket_1,True
PENU,PENG,False,,letf_long,1.982306,ok,-0.052933,,-0.052933,False,25.219999313354492,1.306879,1.090286,0.659272,0.015,1.0366178194444444,2026-10-05,letf,1.0366178194444444,-0.2821577101970424,0.14250612574895202,0.4221327143972186,0.7163130610006703,1.0598582406513397,0.477641,0.6126450000000001,,,2,short_favorable_positive,bucket_1,True
KATT,PURR,False,,letf_long,2.0,low_n,0.027307,2000.0,0.027307,False,27.350000381469727,,,0.874717,0.015,,2026-10-05,letf,0.8479962638888888,,,,,,0.82031,,,,2,short_favorable_positive,bucket_1,True
ASSX,ASST,False,,letf_long,2.0,low_n,-0.071298,900.0,-0.071298,False,28.239999771118164,,,1.133274,0.015,,2026-10-05,letf,1.2672017500000001,,,,,,1.33949,,,,2,short_favorable_positive,bucket_1,True
HYGU,HYG,False,,letf_long,3.005399,ok,-0.01213,,-0.01213,False,22.813199996948242,0.105922,,0.035244,0.0095,,2026-10-05,letf,0.08152152777777778,-0.06622289545210941,0.016469739192949362,0.0847752650995997,0.14837229201897825,0.22883096276515819,0.09382,,,,2,short_favorable_positive,bucket_1,True
LQDU,LQD,False,,letf_long,3.003973,ok,-1.110803,,-1.110803,False,22.092199325561523,0.183685,,0.059111,0.0095,,2026-10-05,letf,-1.0256938194444443,-1.1792552239210663,-1.0800462647904276,-1.0144375851117435,-0.9422951135905194,0.05587165469094929,0.100537,,,,2,short_favorable_positive,bucket_1,True
BRZL,EWZ,False,,letf_long,2.990993,ok,-0.06163,300.0,-0.06163,False,45.30619812011719,0.738621,,0.257399,0.0095,,2026-10-05,letf,0.2242860277777778,-0.21928694682640934,-0.023868011499299457,0.19718859967198335,0.4059300039883732,0.6937601601390069,0.286772,,,,2,short_favorable_positive,bucket_1,True
JPNU,EWJ,False,,letf_long,2.999818,ok,-0.06163,1000.0,-0.06163,False,27.40999984741211,0.485805,,0.215163,0.0095,,2026-10-05,letf,0.1662310277777778,0.07118018106064386,0.14028077793206703,0.1812368344823182,0.21953728040203396,0.2768696377109373,0.228717,,,,2,short_favorable_positive,bucket_1,True
TAWN,EWT,False,,letf_long,2.998052,ok,-0.101505,,-0.101505,False,33.97560119628906,0.739515,,0.316941,0.0095,,2026-10-05,letf,0.2877332083333333,0.1256100627859658,0.2461651198769767,0.3300782417742729,0.4062254170709828,0.5157352123348933,0.390648,,,,2,short_favorable_positive,bucket_1,True
MNGU,MAGS,False,,letf_long,3.0,low_n,-0.27888,,-0.27888,False,35.31119918823242,,,0.220429,,,2026-10-05,letf,-0.05662633333333336,,,,,,0.226127,,,,2,short_favorable_positive,bucket_1,True
AALG,AAL,False,,letf_long,1.99691,ok,-0.358968,35000.0,-0.358968,False,9.538900375366211,0.937118,0.34074,0.469284,0.0075,-0.023213666666666688,2026-10-05,letf,-0.023213666666666688,-0.1828566087322788,-0.1158285081955855,-0.07271310213438467,-0.026776023454537265,0.030642908384577405,0.266764,0.07397599999999999,,,2,short_favorable_positive,bucket_1,True
ADBG,ADBE,False,,letf_long,2.002821,ok,-0.013454,500000.0,-0.013454,False,3.690000057220459,0.815831,0.275149,0.407341,0.0075,0.26150813888888885,2026-10-05,letf,0.26150813888888885,0.10512876718041399,0.1523014477585341,0.18600602040442124,0.22056877895034294,0.2653232151326519,0.214423,0.060725999999999974,,,2,short_favorable_positive,bucket_1,True
AMDG,AMD,False,,letf_long,1.991748,ok,0.015309,,0.015309,False,142.57139587402344,1.360578,0.518726,0.683108,0.0075,0.534247625,2026-10-05,letf,0.534247625,0.4168845729044448,0.4740073133077732,0.524472160523975,0.5742096963780767,0.6690404964096607,0.508225,0.010500999999999983,,,2,short_favorable_positive,bucket_1,True
ARMG,ARM,False,,letf_long,1.996067,ok,-0.057094,550000.0,-0.057094,False,22.84000015258789,1.539067,0.645605,0.77105,0.0075,0.5877180277777778,2026-10-05,letf,0.5877180277777778,0.46182165976027856,0.5231598451120634,0.5703365512911062,0.622290147567545,0.7023274435905063,0.638537,0.007067999999999963,,,2,short_favorable_positive,bucket_1,True
ASMG,ASML,False,,letf_long,1.995122,ok,-0.038701,50000.0,-0.038701,False,52.306400299072266,0.921471,0.315337,0.461862,0.0075,0.2760984861111111,2026-10-05,letf,0.2760984861111111,0.08765051000599366,0.14057136173017587,0.18074227525613398,0.2253916990822557,0.2828967375944747,0.259242,0.056095000000000006,,,2,short_favorable_positive,bucket_1,True
AVGG,AVGO,False,,letf_long,1.996367,ok,-0.052555,40000.0,-0.052555,False,23.399999618530273,0.893883,0.306179,0.448156,0.0075,0.2528940694444444,2026-10-05,letf,0.2528940694444444,0.1367769268159436,0.18871694798012825,0.22351004333797173,0.2581756479795936,0.31995442276465363,0.247285,0.058893999999999974,,,2,short_favorable_positive,bucket_1,True
BAIG,BBAI,False,,letf_long,1.998455,ok,-0.14301,50000.0,-0.14301,False,11.399999618530273,1.57525,0.896939,0.788234,0.0075,0.75194275,2026-10-05,letf,0.75194275,0.2864194260384807,0.44484179792796913,0.5572707456868761,0.6595742429776618,0.8017786703367282,0.667492,0.22944700000000007,,,2,short_favorable_positive,bucket_1,True
BEG,BE,False,,letf_long,1.988488,ok,-0.283128,85000.0,-0.283128,False,53.62419891357422,2.122727,1.28977,1.0856,0.0075,1.0027096666666668,2026-10-05,letf,1.0027096666666668,0.540251691148917,0.7121286410330752,0.833818271494977,0.9518854348757149,1.1229808238891006,1.205472,0.08429799999999998,,,2,short_favorable_positive,bucket_1,True
BIDG,BIDU,False,,letf_long,2.008862,ok,-0.014843,55000.0,-0.014843,False,6.03439998626709,0.936475,0.357891,0.466172,0.0075,0.3428418472222222,2026-10-05,letf,0.3428418472222222,0.10747600443574666,0.18892253436252376,0.242100249531739,0.29706654377714536,0.3829444108501258,0.26825,0.08964100000000003,,,2,short_favorable_positive,bucket_1,True
BLSG,BLSH,False,,letf_long,1.998395,ok,-0.093122,15000.0,-0.093122,False,3.0299999713897705,1.475278,0.732352,0.738231,0.0079,0.6379366388888889,2026-10-05,letf,0.6379366388888889,0.3204132611145414,0.4257500685259274,0.5128438658604443,0.5973634576886233,0.7087416031462672,0.591689,0.14066299999999998,,,2,short_favorable_positive,bucket_1,True
BMNG,BMNR,False,,letf_long,1.997195,ok,-0.062059,5000.0,-0.062059,False,28.996400833129883,1.806435,1.1446,0.904486,0.0075,1.0816790694444445,2026-10-05,letf,1.0816790694444445,0.601906302946098,0.7054215095812972,0.7779271442638642,0.8567121466643578,0.9552783350177217,0.862223,0.2823770000000001,,,2,short_favorable_positive,bucket_1,True
BOEG,BA,False,,letf_long,1.995759,ok,-0.03102,1000.0,-0.03102,False,9.996299743652344,0.664691,0.209459,0.333052,0.0075,0.1780081666666667,2026-10-05,letf,0.1780081666666667,0.03499007954170627,0.08669602179952142,0.1324631967331631,0.17583365830957026,0.2315122200962788,0.157729,0.05173,,,2,short_favorable_positive,bucket_1,True
BULG,BULL,False,,letf_long,1.989387,ok,-0.118398,800.0,-0.118398,False,35.055301666259766,1.17149,0.624572,0.58887,0.0075,0.5045295833333333,2026-10-05,letf,0.5045295833333333,0.15448858248292005,0.21878069508923903,0.28067985702184817,0.3426202315949873,0.41286918732334327,0.388521,0.236051,,,2,short_favorable_positive,bucket_1,True
CIFG,CIFR,False,,letf_long,1.997394,ok,-0.377269,150000.0,-0.377269,False,3.4179999828338623,2.128584,1.423342,1.067188,0.0075,1.0408331527777779,2026-10-05,letf,1.0408331527777779,0.5496779333398423,0.711119330681429,0.8134255282294539,0.9204436403273231,1.124994157770055,1.182017,0.241325,,,2,short_favorable_positive,bucket_1,True
COIG,COIN,False,,letf_long,1.994089,ok,-0.033683,400000.0,-0.033683,False,5.6946001052856445,1.408314,0.697539,0.706244,0.0075,0.6633881805555556,2026-10-05,letf,0.6633881805555556,0.185928335615195,0.2767031590034651,0.36604974441432253,0.4761662394138598,0.5866043186803396,0.541809,0.15573000000000004,,,2,short_favorable_positive,bucket_1,True
COTG,COST,False,,letf_long,2.002479,ok,-0.035505,50000.0,-0.035505,False,11.911199569702148,0.393905,0.155108,0.196709,0.0077,0.119109875,2026-10-05,letf,0.119109875,-0.10308479854312204,-0.03183186446426521,0.009401893677723254,0.06749980790935148,0.14533548621100037,0.086818,0.06828999999999999,,,2,short_favorable_positive,bucket_1,True
CRCG,CRCL,False,,letf_long,1.99837,ok,-0.009195,550000.0,-0.009195,False,12.149999618530273,1.814436,1.004215,0.906973,0.0075,0.9948922916666667,2026-10-05,letf,0.9948922916666667,0.6745528950211699,0.7687147451777683,0.8533423570270158,0.9580334189183983,1.056416759114686,0.868204,0.1360110000000001,,,2,short_favorable_positive,bucket_1,True
CRMG,CRM,False,,letf_long,1.989489,ok,0.0348,100000.0,0.0348,False,7.869999885559082,0.842868,0.286415,0.423661,0.0075,0.3216983333333333,2026-10-05,letf,0.3216983333333333,0.17238961084945215,0.21282545916756668,0.24632674281129546,0.27815714523907337,0.3128970644356966,0.223926,0.06248899999999999,,,2,short_favorable_positive,bucket_1,True
CRWG,CRWV,False,,letf_long,1.998985,ok,-0.027206,600000.0,-0.027206,False,18.290000915527344,1.827026,1.064517,0.914622,0.0075,1.0369331388888887,2026-10-05,letf,1.0369331388888887,0.6748959676854882,0.7771590073644787,0.847795162170681,0.9264510826645432,1.065145371261704,0.882899,0.18161799999999995,,,2,short_favorable_positive,bucket_1,True
DUOG,DUOL,False,,letf_long,2.004579,ok,0.023273,4000.0,0.023273,False,55.01470184326172,1.192162,0.496173,0.594719,0.0075,0.519769236111111,2026-10-05,letf,0.519769236111111,0.28910522369377395,0.3729090124637438,0.42252544066182407,0.48491516272238533,0.578254320534206,0.403988,0.09218499999999996,,,2,short_favorable_positive,bucket_1,True
FIGG,FIG,False,,letf_long,1.999023,ok,-0.069288,55000.0,-0.069288,False,16.719999313354492,1.491441,0.752642,0.746085,0.0075,0.6823916666666667,2026-10-05,letf,0.6823916666666667,0.38118587750369076,0.5024309154602664,0.5726455102401614,0.6513967067281504,0.7309553265606518,0.603468,0.14917400000000003,,,2,short_favorable_positive,bucket_1,True
FUTG,FUTU,False,,letf_long,2.00706,ok,-0.100179,2600000.0,-0.100179,False,3.9130001068115234,1.076788,0.429489,0.5365,0.0075,0.327918625,2026-10-05,letf,0.327918625,0.008934727971799743,0.09703416492143635,0.2425285380063155,0.37022883365103093,0.5877447541661303,0.338851,0.090638,,,2,short_favorable_positive,bucket_1,True
GEMG,GEMI,False,,letf_long,1.992537,ok,-0.350823,1000.0,-0.350823,False,7.989999771118164,2.023187,1.279435,1.015382,0.0075,0.9237394583333334,2026-10-05,letf,0.9237394583333334,0.3110386616894281,0.5262922171560778,0.7230483197152564,0.8951108878570357,1.1176975166791219,1.066868,0.21256700000000017,,,2,short_favorable_positive,bucket_1,True
GEVG,GEV,False,,letf_long,2.002605,ok,-0.00663,70000.0,-0.00663,False,23.619800567626953,0.989231,0.371044,0.503179,0.0075,0.36432191666666663,2026-10-05,letf,0.36432191666666663,0.12632488133306125,0.22457325436348025,0.28517542088183606,0.3531520404959021,0.4379925975887957,0.301964,0.06907999999999997,,,2,short_favorable_positive,bucket_1,True
GLGG,GLXY,False,,letf_long,2.00446,ok,-0.157312,45000.0,-0.157312,False,4.0625,1.828776,1.024797,0.912104,0.0076,0.865300111111111,2026-10-05,letf,0.865300111111111,0.47530875395135097,0.5790349834096341,0.6628817629926469,0.7432835963573177,0.8936521097883526,0.885467,0.13932999999999995,,,2,short_favorable_positive,bucket_1,True
GRAG,GRAB,False,,letf_long,1.997471,ok,0.005167,55000.0,0.005167,False,4.449999809265137,0.734614,0.281649,0.367772,0.0075,0.28688776388888887,2026-10-05,letf,0.28688776388888887,0.01838907402052945,0.11700102214120574,0.1900791420312322,0.24778665828114993,0.33228503407558857,0.182322,0.09932699999999997,,,2,short_favorable_positive,bucket_1,True
HOOG,HOOD,False,,letf_long,1.995036,ok,-0.015016,55000.0,-0.015016,False,33.06999969482422,1.410615,0.675717,0.707062,0.0075,0.6604924444444444,2026-10-05,letf,0.6604924444444444,0.41096177159843394,0.47141249561866283,0.5229555805816183,0.566268396172521,0.6208976611203292,0.543701,0.13201600000000002,,,2,short_favorable_positive,bucket_1,True
IREG,IREN,False,,letf_long,1.995011,ok,-0.023601,3000.0,-0.023601,False,7.409999847412109,2.015609,1.192923,1.043407,0.0075,1.1689942083333333,2026-10-05,letf,1.1689942083333333,0.8715512404502955,1.002348248503043,1.1040657344654097,1.2076847802170931,1.3494680003735822,1.128044,0.06487899999999991,,,2,short_favorable_positive,bucket_1,True
KLAG,KLAC,False,,letf_long,1.998453,ok,0.005602,35000.0,0.005602,False,30.6200008392334,1.283514,0.527893,0.642254,0.0075,0.5335728055555555,2026-10-05,letf,0.5335728055555555,0.30446282705745215,0.39246496028745526,0.4660479289510109,0.5329934971798614,0.6301484395374388,0.459151,0.06874199999999997,,,2,short_favorable_positive,bucket_1,True
LULG,LULU,False,,letf_long,2.006592,ok,-0.03077,5000.0,-0.03077,False,3.569999933242798,0.838762,0.347928,0.418003,0.0075,0.3167306388888889,2026-10-05,letf,0.3167306388888889,-0.009885257388355134,0.07192381354421358,0.15164505609316664,0.22406981683842395,0.31538582165271245,0.224403,0.12352500000000002,,,2,short_favorable_positive,bucket_1,True
MPG,MP,False,,letf_long,1.999372,ok,-0.30919,100000.0,-0.30919,False,3.608799934387207,1.396392,0.633218,0.698415,0.0075,0.3197336944444444,2026-10-05,letf,0.3197336944444444,0.04399701146092003,0.1356420554800047,0.21816848851656948,0.3329249102266837,0.5773724875131683,0.534979,0.09823899999999997,,,2,short_favorable_positive,bucket_1,True
NBIG,NBIS,False,,letf_long,1.992136,ok,0.011234,800000.0,0.011234,False,17.6200008392334,2.088441,1.25417,1.037849,0.0075,1.2655600277777779,2026-10-05,letf,1.2655600277777779,0.8667850124354032,0.9793111478697312,1.0664614508740136,1.155807917648128,1.2882454860948334,1.111822,0.14234799999999992,,,2,short_favorable_positive,bucket_1,True
NEMG,NEM,False,,letf_long,1.998414,ok,-0.002704,10000.0,-0.002704,False,19.49519920349121,0.957304,0.34331,0.479032,0.0075,0.34056844444444445,2026-10-05,letf,0.34056844444444445,0.16836707971619985,0.22981121555057488,0.2721878313862225,0.31133238626280685,0.3714696060454618,0.276542,0.066768,,,2,short_favorable_positive,bucket_1,True
NETG,NET,False,,letf_long,2.003246,ok,-0.086472,45000.0,-0.086472,False,25.68779945373535,1.212781,0.520823,0.605408,0.0075,0.43315000000000003,2026-10-05,letf,0.43315000000000003,0.11725289442391397,0.2409617086632066,0.3377632717399919,0.4362338442764826,0.5837087023230594,0.416116,0.10470700000000005,,,2,short_favorable_positive,bucket_1,True
NIOG,NIO,False,,letf_long,1.988638,ok,-0.09247,100000.0,-0.09247,False,5.448200225830078,0.980429,0.372008,0.493015,0.0075,0.2782536944444445,2026-10-05,letf,0.2782536944444445,-0.0036332340358263436,0.11363892047865067,0.19593912117112613,0.27083443283479997,0.40276384789615594,0.28616,0.08584799999999998,,,2,short_favorable_positive,bucket_1,True
NUG,NU,False,,letf_long,1.995884,ok,-0.009801,,-0.009801,False,10.480500221252441,0.857849,0.316965,0.429809,0.0075,0.307027875,2026-10-05,letf,0.307027875,0.057406744110332926,0.15286385632770857,0.22973444415643354,0.2959312600948334,0.3909525173665091,0.231111,0.08585399999999999,,,2,short_favorable_positive,bucket_1,True
NVDG,NVDA,False,,letf_long,1.996571,ok,-0.013166,100000.0,-0.013166,False,22.8799991607666,0.735163,0.290734,0.368602,0.0075,0.2773851388888889,2026-10-05,letf,0.2773851388888889,0.09972295302923607,0.14538909129393562,0.18155852668800998,0.21242423798400656,0.2571809149219167,0.182712,0.10802199999999998,,,2,short_favorable_positive,bucket_1,True
OKTG,OKTA,False,,letf_long,1.988638,ok,0.000293,1000.0,0.000293,False,62.52000045776367,1.136839,0.47234,0.571667,0.0075,0.47263706944444445,2026-10-05,letf,0.47263706944444445,0.223122563974884,0.2952661011406961,0.36000268179547923,0.4202963054229853,0.5373712650348745,0.368478,0.10386199999999995,,,2,short_favorable_positive,bucket_1,True
OPEG,OPEN,False,,letf_long,2.005237,ok,-0.371438,350000.0,-0.8007718157993495,False,0.9276999831199646,1.445977,0.708734,0.789785,0.0075,-0.10315964657434051,2026-10-05,letf,-0.10315964657434051,0.04528917601741695,0.19044368603993633,0.3046193760302914,0.41630994888384243,0.5892264054875427,0.676559,0.032174999999999954,,,2,short_favorable_positive,bucket_1,True
PANG,PANW,False,,letf_long,1.995154,ok,-0.019653,35000.0,-0.019653,False,40.2135009765625,0.922579,0.31503,0.46241,0.0075,0.29510404166666665,2026-10-05,letf,0.29510404166666665,0.13393568771793316,0.19814133845324125,0.23282825797144452,0.25922180227112257,0.3050060175433909,0.259757,0.05527299999999996,,,2,short_favorable_positive,bucket_1,True
PBRG,PBR,False,,letf_long,1.987618,ok,0.029524,1000.0,0.029524,False,60.292301177978516,0.689217,0.199349,0.346755,0.0075,0.22928305555555556,2026-10-05,letf,0.22928305555555556,-0.009851391443661388,0.10936964641756518,0.1938242799733098,0.2533959163306161,0.3409368090482811,0.165198,0.03415099999999999,,,2,short_favorable_positive,bucket_1,True
PLTG,PLTR,False,,letf_long,1.991284,ok,-0.007075,2000.0,-0.007075,False,20.34709930419922,1.061681,0.40792,0.533164,0.0075,0.4007467361111111,2026-10-05,letf,0.4007467361111111,0.22081987208228815,0.27172852071904846,0.3163810301541826,0.3606149569566391,0.42176800995524183,0.327888,0.08003199999999999,,,2,short_favorable_positive,bucket_1,True
PYPG,PYPL,False,,letf_long,2.000249,ok,-0.055233,200000.0,-0.055233,False,7.362100124359131,0.777478,0.286828,0.388691,0.0077,0.23082787500000002,2026-10-05,letf,0.23082787500000002,0.04460078228112814,0.10441188772081632,0.1488114710041693,0.19184035728123885,0.2598468409053566,0.199027,0.08780100000000002,,,2,short_favorable_positive,bucket_1,True
RTXG,RTX,False,,letf_long,1.994307,ok,-0.002722,15000.0,-0.002722,False,20.342500686645508,0.499131,0.178105,0.250278,0.0075,0.17534519444444446,2026-10-05,letf,0.17534519444444446,0.0042393549723693125,0.06627378852609372,0.104785205405242,0.14732265217278948,0.20519097516246546,0.109556,0.06854900000000001,,,2,short_favorable_positive,bucket_1,True
SNAG,SNAP,False,,letf_long,2.000344,ok,-0.014728,25000.0,-0.014728,False,5.676799774169922,1.187693,0.481829,0.593744,0.0075,0.46689644444444445,2026-10-05,letf,0.46689644444444445,0.1485444885566623,0.2767181483001686,0.3732697548409495,0.4783037929918476,0.6409512200097497,0.400408,0.08142100000000002,,,2,short_favorable_positive,bucket_1,True
SPOG,SPOT,False,,letf_long,1.993189,ok,-0.046161,,-0.046161,False,6.430799961090088,0.899536,0.35302,0.451305,0.0075,0.306217875,2026-10-05,letf,0.306217875,0.0525212802873705,0.14550894306206272,0.20288970407935195,0.2540569344986874,0.35321386331148635,0.249006,0.104014,,,2,short_favorable_positive,bucket_1,True
TERG,TER,False,,letf_long,1.996902,ok,-0.153186,200000.0,-0.153186,False,53.24580001831055,1.516942,0.70885,0.759648,0.0075,0.5535364166666666,2026-10-05,letf,0.5535364166666666,0.2888180002434797,0.4011199808635857,0.4718493672593905,0.5419369478806966,0.6694454736687776,0.621942,0.08690799999999999,,,2,short_favorable_positive,bucket_1,True
TSLG,TSLA,False,,letf_long,2.000568,ok,-0.116695,2900000.0,-0.116695,False,5.119999885559082,0.878281,0.433701,0.438233,0.0075,0.31538523611111113,2026-10-05,letf,0.31538523611111113,0.06955534585460951,0.12468431187369852,0.16439354494337666,0.19706093970727934,0.253097386335074,0.239915,0.193786,,,2,short_favorable_positive,bucket_1,True
TSMG,TSM,False,,letf_long,1.999423,ok,-0.00663,75000.0,-0.00663,False,49.39189910888672,0.809338,0.294643,0.401782,0.0075,0.28792091666666664,2026-10-05,letf,0.28792091666666664,0.11951762673524366,0.16397666408337763,0.19792182381451123,0.2293514714039505,0.27321332442711244,0.208946,0.085697,,,2,short_favorable_positive,bucket_1,True
UNHG,UNH,False,,letf_long,1.99596,ok,0.014757,45000.0,0.014757,False,18.138099670410156,0.546573,0.263579,0.27384,0.0075,0.27854095833333337,2026-10-05,letf,0.27854095833333337,0.021606315644560885,0.07473007171254355,0.11804297579425387,0.1604473522303112,0.2254965663398879,0.122052,0.14152700000000001,,,2,short_favorable_positive,bucket_1,True
VALG,VALE,False,,letf_long,1.994103,ok,-0.06163,,-0.06163,False,15.840800285339355,0.686291,0.246285,0.34416,0.0075,0.1837990277777778,2026-10-05,letf,0.1837990277777778,0.01837977164601187,0.08523462801450471,0.12946115870163433,0.1710502143256143,0.2215697596397541,0.164844,0.08144100000000001,,,2,short_favorable_positive,bucket_1,True
XYZG,XYZ,False,,letf_long,1.99408,ok,-0.00514,,-0.00514,False,15.316699981689453,0.883303,0.357201,0.442963,0.0075,0.3519896111111111,2026-10-05,letf,0.3519896111111111,0.13627277538769747,0.19075764799792128,0.23860750816477916,0.2754456661822236,0.33907819790981514,0.241919,0.115282,,,2,short_favorable_positive,bucket_1,True
AAOG,AAOI,False,,letf_long,1.998368,ok,-0.140866,2000000.0,-0.140866,False,3.009999990463257,2.548045,1.92303,1.313928,0.0075,1.7802075277777778,2026-10-05,letf,1.7802075277777778,1.1555759389618372,1.4095924111515736,1.5826398386197609,1.722153715576345,1.98061890616242,1.769797,0.15323299999999995,,,2,short_favorable_positive,bucket_1,True
AMAU,AMAT,False,,letf_long,2.002258,ok,-0.04131,40000.0,-0.04131,False,17.25,1.439389,0.7032,0.716779,0.0075,0.66131625,2026-10-05,letf,0.66131625,0.24730222728746315,0.43562524022089566,0.5292305459985627,0.5924822407695914,0.7161116020049059,0.563284,0.13991600000000004,,,2,short_favorable_positive,bucket_1,True
CATG,CAT,False,,letf_long,2.004205,ok,-0.190587,20000.0,-0.190587,False,11.260000228881836,0.822817,0.304866,0.410545,0.0075,0.11163195833333336,2026-10-05,letf,0.11163195833333336,-0.16715106553545198,-0.012158642197027697,0.09324206367838181,0.19104111110947433,0.3120116702696081,0.217461,0.08740500000000004,,,2,short_favorable_positive,bucket_1,True
CIEG,CIEN,False,,letf_long,2.006543,ok,-0.279756,400000.0,-0.279756,False,4.954999923706055,1.531686,0.772675,0.763346,0.0075,0.4890335,2026-10-05,letf,0.4890335,0.1406851646119189,0.28865006108286795,0.3634537510794438,0.4600929241668777,0.5835685426850061,0.636371,0.13630399999999998,,,2,short_favorable_positive,bucket_1,True
COHH,COHR,False,,letf_long,1.999863,ok,-0.031783,400000.0,-0.031783,False,7.340000152587891,1.977218,1.157903,0.95176,0.0075,1.1256785694444444,2026-10-05,letf,1.1256785694444444,0.6098079268385811,0.7825260624417509,0.8873491806285829,1.0009278917555244,1.1636563185596256,0.953335,0.20456799999999986,,,2,short_favorable_positive,bucket_1,True
ETNG,ETN,False,,letf_long,1.999083,ok,-0.003844,25000.0,-0.003844,False,13.930000305175781,0.8936,0.361165,0.447005,0.0075,0.3572676111111111,2026-10-05,letf,0.3572676111111111,0.041315716061613834,0.16020008713076594,0.23566878185578766,0.3239283021830621,0.4378195545133231,0.247182,0.113983,,,2,short_favorable_positive,bucket_1,True
HONG,HON,False,,letf_long,1.995512,ok,-0.014553,800.0,-0.014553,False,12.800000190734863,0.598421,0.202029,0.299883,0.0075,0.18727387499999998,2026-10-05,letf,0.18727387499999998,-0.2359362422240173,-0.009130623350259706,0.14399888620443718,0.29292643201650964,0.4531250907433114,0.136825,0.06520399999999998,,,2,short_favorable_positive,bucket_1,True
SNDG,SNDK,False,,letf_long,1.998675,ok,-0.022972,550000.0,-0.022972,False,9.899999618530273,2.284777,1.543864,1.106103,0.0075,1.5205729444444442,2026-10-05,letf,1.5205729444444442,0.7611779722109582,1.0062103864916483,1.198440112885849,1.4067687196950451,1.6767013179134722,1.26866,0.275204,,,2,short_favorable_positive,bucket_1,True
STXU,STX,False,,letf_long,2.006499,ok,-0.068505,35000.0,-0.068505,False,12.630000114440918,1.546157,0.760953,0.766657,0.0075,0.6914965416666666,2026-10-05,letf,0.6914965416666666,0.25458707166343814,0.4193421527454985,0.5686628137416145,0.7078209400554283,0.9024709898862916,0.641446,0.11950700000000003,,,2,short_favorable_positive,bucket_1,True
CBRG,CBRS,False,,letf_long,2.000484,ok,-0.097552,1800000.0,-0.097552,False,2.759999990463257,2.224106,1.445795,1.124432,0.0075,1.346888111111111,2026-10-05,letf,1.346888111111111,0.7889276994262866,1.0114183078006276,1.1856778465274211,1.3528944076679088,1.5986119534706453,1.312965,0.13283,,,2,short_favorable_positive,bucket_1,True
CRMX,CRML,False,,letf_long,1.9859,ok,-0.124219,35000.0,-0.124219,False,20.209999084472656,2.465664,1.848055,1.241585,0.0149,1.7221107361111112,2026-10-05,letf,1.7221107361111112,0.9784664831137676,1.192228831631737,1.373596283215253,1.5978320587913668,1.8761559547415885,1.563597,0.2844580000000001,,,2,short_favorable_positive,bucket_1,True
ONG,ON,False,,letf_long,1.999059,ok,-0.224012,10000.0,-0.224012,False,5.590000152587891,1.352085,0.637943,0.681175,0.0075,0.4108197222222223,2026-10-05,letf,0.4108197222222223,-0.24864005464398187,0.015597038204759162,0.2768618412446779,0.5437066843894457,1.0193349146064894,0.510987,0.12695600000000007,,,2,short_favorable_positive,bucket_1,True
NXPG,NXPI,False,,letf_long,1.989879,ok,-0.090563,400.0,-0.090563,False,8.065299987792969,0.895577,0.368514,0.450066,0.0075,0.2766931805555556,2026-10-05,letf,0.2766931805555556,-0.2291291393308522,-0.011026472556568585,0.17066724595613542,0.3233724319508965,0.5785465947319562,0.246768,0.12174600000000002,,,2,short_favorable_positive,bucket_1,True
SPCH,SPCX,False,,letf_long,1.996192,ok,-0.055078,600000.0,-0.055078,False,12.739999771118164,1.485093,0.922417,0.74586,0.0075,0.8665740277777778,2026-10-05,letf,0.8665740277777778,-0.12763582391113837,0.25060488064469,0.5352708393742207,0.8509133283305067,1.2485674917441583,0.600661,0.32175600000000004,,,2,short_favorable_positive,bucket_1,True
ADIU,ADI,False,,letf_long,2.000684,ok,0.004455,30000.0,0.004455,False,13.21310043334961,0.734168,0.307665,0.366959,0.0099,0.312181875,2026-10-05,letf,0.312181875,-0.12154835313695572,0.0743630562309818,0.18099627975026145,0.29874714079959275,0.4567937560092051,0.184905,0.12276000000000001,,,2,short_favorable_positive,bucket_1,True
APHG,APH,False,,letf_long,1.99845,ok,0.016064,6000.0,0.016064,False,16.608600616455078,0.801169,0.312761,0.444548,0.0099,0.3290481111111111,2026-10-05,letf,0.3290481111111111,0.01090855334170803,0.1708057294081773,0.2642069616799267,0.3578584500650427,0.4862806304921547,0.247181,0.06558,,,2,short_favorable_positive,bucket_1,True
AXTL,AXTI,False,,letf_long,1.997799,ok,-0.287932,200000.0,-0.287932,False,4.159999847412109,2.966959,2.473357,1.501614,0.0099,2.1814259444444444,2026-10-05,letf,2.1814259444444444,1.3656555864275388,1.7017514480011624,1.9269330637874764,2.1944393896750607,2.54993932306653,2.297397,0.1759599999999999,,,2,short_favorable_positive,bucket_1,True
FNG,FN,False,,letf_long,2.002673,ok,-0.319519,100000.0,-0.319519,False,5.96999979019165,1.420481,0.738358,0.709293,0.0099,0.41440123611111107,2026-10-05,letf,0.41440123611111107,-0.28227421834747113,0.03942364521401494,0.21231126751993798,0.4181614798410939,0.744006422533202,0.555303,0.18305499999999997,,,2,short_favorable_positive,bucket_1,True
KEYG,KEYS,False,,letf_long,1.990221,ok,-0.292019,,-0.292019,False,15.613699913024902,0.852914,0.327908,0.428552,0.0099,0.03183318055555556,2026-10-05,letf,0.03183318055555556,-0.2815114595493208,-0.04085417589046235,0.13627760284396137,0.3298128288008607,0.5961478723806511,0.230659,0.09724899999999997,,,2,short_favorable_positive,bucket_1,True
MCHG,MCHP,False,,letf_long,1.993821,ok,-0.005451,8000.0,-0.005451,False,8.739999771118164,1.010879,0.467257,0.507006,0.0099,0.4617302916666666,2026-10-05,letf,0.4617302916666666,-0.09790900472544457,0.1536417013799114,0.29245759336294874,0.4451791881732303,0.699698756886205,0.304509,0.162748,,,2,short_favorable_positive,bucket_1,True
TELG,TEL,False,,letf_long,2.000489,ok,-0.01213,200.0,-0.01213,False,14.550000190734863,0.629654,0.27167,0.31475,0.0099,0.2593715277777778,2026-10-05,letf,0.2593715277777778,-0.09462942618116044,0.03700769539372913,0.13403349267499404,0.22172201150405793,0.33953233296797897,0.14924,0.12243000000000001,,,2,short_favorable_positive,bucket_1,True
TSEG,TSEM,False,,letf_long,1.998937,ok,-0.143341,15000.0,-0.143341,False,8.380000114440918,1.774812,0.980333,0.858981,0.0099,0.8350011527777779,2026-10-05,letf,0.8350011527777779,0.2232867927362447,0.47608733568247225,0.6344456666339751,0.7856448842283438,1.0000522708109627,0.78671,0.193623,,,2,short_favorable_positive,bucket_1,True
CDNG,CDNS,False,,letf_long,1.99584,ok,0.001401,6000.0,0.001401,False,11.284799575805664,0.754393,0.332399,0.377983,0.0075,0.3338194583333333,2026-10-05,letf,0.3338194583333333,-0.005252597870550846,0.11143060553446149,0.19693007245137367,0.2873144437737407,0.39998193182353764,0.189494,0.142905,,,2,short_favorable_positive,bucket_1,True
FOMG,FORM,False,,letf_long,2.001366,ok,-0.133666,900.0,-0.133666,False,9.260000228881836,1.997325,1.339549,0.997981,0.0075,1.204026527777778,2026-10-05,letf,1.204026527777778,0.4214154535860663,0.6792211948539182,0.8747754875762137,1.1334912462876692,1.483971356218605,1.045743,0.293806,,,2,short_favorable_positive,bucket_1,True
ENTL,ENTG,False,,letf_long,1.999429,ok,-0.0902,2000.0,-0.0902,False,9.84000015258789,1.509601,0.819754,0.755016,0.0075,0.7283012222222223,2026-10-05,letf,0.7283012222222223,0.0709305850097722,0.33683594585837123,0.5115982829685263,0.7280442569946923,0.9737831748466885,0.617218,0.20253599999999994,,,2,short_favorable_positive,bucket_1,True
FPSX,FPS,False,,letf_long,2.000396,ok,-0.349242,60000.0,-0.349242,False,4.619999885559082,1.660576,0.899502,0.830124,0.0075,0.5454094166666668,2026-10-05,letf,0.5454094166666668,0.08112508551484945,0.30046553550735805,0.4771654006551954,0.6558441164886898,0.9096557730177706,0.737211,0.16229100000000007,,,2,short_favorable_positive,bucket_1,True
ASTG,ASTS,False,,letf_long,1.993084,ok,0.003031,4000.0,0.003031,False,6.900000095367432,1.677988,1.063243,1.064038,0.0099,1.066316097222222,2026-10-05,letf,1.066316097222222,0.7982944250100529,0.9917451585406093,1.1641389664457664,1.335230826511814,1.5839477027989057,1.170261,-0.10701800000000006,,,2,short_favorable_positive,bucket_1,True
GFSG,GFS,False,,letf_long,2.001038,ok,-0.02113,50000.0,-0.02113,False,3.7899999618530273,1.179068,0.471571,0.589228,0.0099,0.4501475277777778,2026-10-05,letf,0.4501475277777778,0.08208239999492538,0.26727198308758954,0.4002516458138252,0.5032300492440807,0.6880866579382954,0.397852,0.07371900000000003,,,2,short_favorable_positive,bucket_1,True
HPEL,HPE,False,,letf_long,1.995086,ok,-0.072561,4000.0,-0.072561,False,25.549999237060547,1.269947,0.591131,0.636537,0.0099,0.5175622083333333,2026-10-05,letf,0.5175622083333333,0.08662537492493833,0.2630710065005912,0.37983707499952035,0.475239665399562,0.6729051331909749,0.45208,0.13905099999999998,,,2,short_favorable_positive,bucket_1,True
MTSG,MTSI,False,,letf_long,2.003836,ok,-0.103648,,-0.103648,False,8.319999694824219,1.489605,0.734709,0.743377,0.0099,0.6296214444444443,2026-10-05,letf,0.6296214444444443,0.08151152611659168,0.3598606757300473,0.5067137088271232,0.6735923566162145,0.9056775645719879,0.606027,0.12868199999999996,,,2,short_favorable_positive,bucket_1,True
SMTG,SMTC,False,,letf_long,1.993919,ok,-0.135275,20000.0,-0.135275,False,13.300000190734863,1.835132,1.12097,0.920364,0.0099,0.9838161805555556,2026-10-05,letf,0.9838161805555556,0.3391202402858089,0.5819547522122935,0.7513301601183003,0.9433133514468215,1.1814980887764994,0.889195,0.23177500000000006,,,2,short_favorable_positive,bucket_1,True
AEHG,AEHR,False,,letf_long,1.993319,ok,-0.221759,250000.0,-0.221759,False,9.729999542236328,2.626455,1.874747,1.317629,0.0099,1.6499080138888889,2026-10-05,letf,1.6499080138888889,0.9053034484584357,1.287640452489701,1.524368609954451,1.8078504844437793,2.1898072376866895,1.768598,0.10614900000000005,,,2,short_favorable_positive,bucket_1,True
GOOL,GOOGL,False,,letf_long,1.998879,ok,-0.107781,20000.0,-0.107781,False,12.625699996948242,0.627787,0.231265,0.303903,0.0099,0.12198704166666667,2026-10-05,letf,0.12198704166666667,-0.19214669327728656,-0.07155945456509173,0.04974347286893243,0.13731030500287367,0.29441916216922726,0.142237,0.089028,,,2,short_favorable_positive,bucket_1,True
AMZG,AMZN,False,,letf_long,1.997938,ok,-0.018219,,-0.018219,False,14.75,0.575887,0.245297,0.302823,0.0075,0.22682495833333333,2026-10-05,letf,0.22682495833333333,-0.07224329720815811,0.03506595910812847,0.1117994629752442,0.2125647004468745,0.3332075452805332,0.139015,0.10628199999999999,,,2,short_favorable_positive,bucket_1,True
METG,META,False,,letf_long,2.00181,ok,-0.050418,10000.0,-0.050418,False,20.989999771118164,0.910194,0.378261,0.40903,0.0075,0.32714275000000004,2026-10-05,letf,0.32714275000000004,-0.1280613315406477,0.057257543141119846,0.15830584341425608,0.2770304952580951,0.44186400858930486,0.215513,0.162748,,,2,short_favorable_positive,bucket_1,True
AAPE,AAPL,False,,letf_long,2.001556,ok,-0.072286,3000.0,-0.072286,False,16.219999313354492,0.468689,0.208104,0.236453,0.0075,0.1348140277777778,2026-10-05,letf,0.1348140277777778,-0.10972767189558653,-0.020860950979379157,0.05101453659391125,0.11667062751149777,0.21410171539787484,0.103783,0.10432100000000001,,,2,short_favorable_positive,bucket_1,True
JBLG,JBL,False,,letf_long,2.005762,ok,0.028647,2000.0,0.028647,False,10.649999618530273,0.963669,0.373878,0.48045,0.0099,0.402922875,2026-10-05,letf,0.402922875,0.03169378044298423,0.19851775568722715,0.3221915372993711,0.4345915705144442,0.587286158966409,0.283143,0.09073500000000001,,,2,short_favorable_positive,bucket_1,True
VIAG,VIAV,False,,letf_long,1.999136,ok,-0.080571,,-0.080571,False,14.899200439453125,1.414651,,0.707631,0.0099,,2026-10-05,letf,0.46844795833333336,0.052582743373500024,0.2580544225012359,0.439013295221113,0.6842282698953607,1.0071614395181108,0.550138,,,,2,short_favorable_positive,bucket_1,True
SKHX,SKHY,False,,letf_long,1.999205,ok,-0.016999,1100000.0,-0.016999,False,18.729999542236328,1.611341,0.854343,0.809133,0.0075,0.8371079027777777,2026-10-05,letf,0.8371079027777777,0.05608398694572024,0.3623925618432654,0.5380494956493167,0.6937229378457587,0.8938973000700523,0.701564,0.152779,,,2,short_favorable_positive,bucket_1,True
RAML,DRAM,False,,letf_long,1.994503,ok,0.002758,85.0,0.002758,False,14.75629997253418,1.307212,0.565517,0.655407,0.0099,0.5683133055555556,2026-10-05,letf,0.5683133055555556,0.1170916522419101,0.3179698306221623,0.4634629681627302,0.6232985641373571,0.8882828076364263,0.475882,0.08963500000000002,,,2,short_favorable_positive,bucket_1,True
LITG,LITE,False,,letf_long,1.994977,ok,-0.172158,100.0,-0.172158,False,23.729999542236328,1.646217,,0.952754,0.0099,,2026-10-05,letf,0.7762409166666667,0.39330266760825844,0.6591218212031914,0.8394644173082884,1.0489833225831324,1.3181720562014083,0.95079,,,,2,short_favorable_positive,bucket_1,True
STLL,STRL,False,,letf_long,2.000506,ok,-0.167916,400.0,-0.167916,False,13.6850004196167,1.110385,,0.555052,0.0099,,2026-10-05,letf,0.1881688333333333,-0.07038097593766868,0.10750228938013795,0.24093469597876127,0.3683067765047991,0.5281885088610564,0.358417,,,,2,short_favorable_positive,bucket_1,True
MXLL,MXL,False,,letf_long,1.998343,ok,-0.82063,8000.0,-0.82063,False,29.515600204467773,1.932839,,0.967221,0.0099,,2026-10-05,letf,0.15117836111111116,-0.41645813182809005,-0.07300716237819777,0.23875437814732076,0.5569672668935668,1.0420153964432295,0.983206,,,,2,short_favorable_positive,bucket_1,True
MUG,MU,False,,letf_long,1.999624,ok,-0.626013,600.0,-0.626013,False,18.274999618530273,0.930548,,0.798803,,,2026-10-05,letf,0.043183375000000024,-0.2291381046735182,0.08286101750094294,0.36495080654196554,0.6449211539385498,0.9356309848365124,0.677891,,,,2,short_favorable_positive,bucket_1,True
FLEL,FLEX,False,,letf_long,1.99885,ok,-0.273542,100.0,-0.273542,False,13.34000015258789,0.839382,,0.419932,0.0099,,2026-10-05,letf,-0.05126819444444444,-0.257690355546517,-0.11255995276659414,-0.007346030983368904,0.12260166157679073,0.2751655892209898,0.226073,,,,2,short_favorable_positive,bucket_1,True
FIXX,FIX,False,,letf_long,1.996211,ok,-0.01645,,-0.01645,False,13.920700073242188,0.776651,,0.389063,0.0099,,2026-10-05,letf,0.1837605277777778,-0.11477917094436971,0.05692798532771264,0.18238866083061034,0.3029473283612224,0.48537772261749984,0.200439,,,,2,short_favorable_positive,bucket_1,True
STMX,STM,False,,letf_long,1.996501,ok,-0.101751,2000.0,-0.101751,False,17.53190040588379,0.690443,,0.345827,0.0099,,2026-10-05,letf,0.06574479166666668,-0.22088092414112634,-0.03582823759533673,0.07428600907244332,0.2075098352749792,0.3550897276284123,0.168909,,,,2,short_favorable_positive,bucket_1,True
CRCA,CRCL,False,,letf_long,1.997459,ok,-0.041146,60000.0,-0.041146,False,17.780000686645508,1.818049,1.034809,0.906973,,0.9930915277777779,2026-10-05,letf,0.9930915277777779,0.6219415886920593,0.7148343668747804,0.8074458312938709,0.896964390955183,1.0430122121864058,0.859545,0.1752640000000001,,,2,short_favorable_positive,bucket_1,True
NVDB,NVDA,False,,letf_long,1.99484,ok,0.005806,10000.0,0.005806,False,37.189998626708984,0.734275,0.255485,0.368602,,0.2613716388888889,2026-10-05,letf,0.2613716388888889,0.09936677240762348,0.14560753768081838,0.17823897193025684,0.20988352734743435,0.2505335194262292,0.17479,0.08069500000000002,,,2,short_favorable_positive,bucket_1,True
PLTA,PLTR,False,,letf_long,1.99432,ok,-0.09738,30000.0,-0.09738,False,21.80820083618164,1.067067,0.411758,0.533164,,0.3130255,2026-10-05,letf,0.3130255,0.12185819127257805,0.18853546460799642,0.2369031558940639,0.294832558415689,0.3748194870660418,0.321798,0.08996000000000004,,,2,short_favorable_positive,bucket_1,True
TSLI,TSLA,False,,letf_long,1.999238,ok,-0.014473,15000.0,-0.014473,False,19.049999237060547,0.872542,0.33842,0.438233,,0.3237459861111111,2026-10-05,letf,0.3237459861111111,0.10729330118675265,0.16402808608698116,0.19844058760476888,0.24172410540306338,0.2988269557354267,0.231978,0.10644200000000001,,,2,short_favorable_positive,bucket_1,True
COIA,COIN,False,,letf_long,1.999181,ok,-0.029955,4000.0,-0.029955,False,8.729999542236328,1.4134,0.698905,0.706244,,0.6685339583333333,2026-10-05,letf,0.6685339583333333,0.4161191802234096,0.46953948969238857,0.5193346798581705,0.5654665221828681,0.6280211678998003,0.538315,0.16059,,,2,short_favorable_positive,bucket_1,True
BITU,IBIT,False,,letf_long,1.992369,ok,0.005326,1800000.0,0.005326,False,15.9399995803833,0.865889,0.34694,0.434603,0.0098,0.35233997222222224,2026-10-05,letf,0.35233997222222224,0.18731225727088271,0.21456599816857164,0.23306742201322128,0.2501004025892214,0.2842034066706175,0.236397,0.11054300000000003,,,2,short_favorable_positive,bucket_1,True
ETHT,ETHA,False,,letf_long,1.990614,ok,-0.007539,100000.0,-0.007539,False,19.739999771118164,1.25647,0.686755,0.632487,0.0094,0.6791112916666666,2026-10-05,letf,0.6791112916666666,0.3388349311470467,0.3979471645786663,0.43494271470353063,0.47743643877889197,0.5535531634569845,0.443628,0.24312699999999998,,,2,short_favorable_positive,bucket_1,True
UXRP,XRP,False,,letf_long,1.992471,ok,0.029576,100000.0,0.029576,False,17.40999984741211,1.397064,0.672289,0.699042,,0.7022757777777778,2026-10-05,letf,0.7022757777777778,0.3115561733233329,0.43425372098110354,0.5236333597173355,0.6364280566491516,0.847377518859422,0.523032,0.14925699999999997,,,2,short_favorable_positive,bucket_1,True
SOLT,BSOL,False,,letf_long,1.997595,ok,-0.0175,90000.0,-0.0175,False,77.80999755859375,1.414537,0.73127,0.70812,0.0292,0.7135269444444444,2026-10-05,letf,0.7135269444444444,0.4257926454719498,0.4935658129149106,0.5435746323831445,0.6093711985299706,0.6980585194869643,0.56891,0.16235999999999995,,,2,short_favorable_positive,bucket_1,True
SPCF,SPCX,False,,letf_long,1.997018,ok,-0.241554,350000.0,-0.241554,False,21.209999084472656,1.489496,0.923371,0.74586,,0.6784620833333335,2026-10-05,letf,0.6784620833333335,-0.39037976270653924,-0.014494980354021726,0.3170474228074327,0.6296037826695488,1.0121218944249708,0.593881,0.32949000000000006,,,2,short_favorable_positive,bucket_1,True
SKHU,SKHY,False,,letf_long,1.997857,ok,-0.77718,100000.0,-0.77718,False,24.459999084472656,1.669302,0.990586,0.809133,0.0095,0.20261183333333332,2026-10-05,letf,0.20261183333333332,-0.5876981264767944,-0.33287035857060476,-0.13373036762097562,0.08949917443934852,0.39883521924738413,0.702187,0.28839899999999996,,,2,short_favorable_positive,bucket_1,True
TSLR,TSLA,False,,letf_long,1.999466,ok,-0.013505,250000.0,-0.013505,False,17.770000457763672,0.880048,0.427208,0.438233,0.0115,0.4135154305555555,2026-10-05,letf,0.4135154305555555,0.1518244463817772,0.18794402514575054,0.21763323708869764,0.2499834652733624,0.29827546370221975,0.243553,0.18365499999999998,,,2,short_favorable_positive,bucket_1,True
AAPB,AAPL,False,,letf_long,2.00106,ok,-0.025289,35000.0,-0.025289,False,43.324100494384766,0.47602,0.149393,0.236453,0.0115,0.1237527638888889,2026-10-05,letf,0.1237527638888889,0.009140631552659048,0.05561388593497916,0.08179964366169898,0.10798300567996352,0.14180290423208636,0.107722,0.041671,,,2,short_favorable_positive,bucket_1,True
AMDL,AMD,False,,letf_long,1.991633,ok,-0.044316,850000.0,-0.044316,False,84.05999755859375,1.359096,0.45514,0.683108,0.0115,0.4102085,2026-10-05,letf,0.4102085,0.4095155805367539,0.45449573374275865,0.4913807471862318,0.5268702722033743,0.5845314220507681,0.51214,-0.05700000000000005,,,2,short_favorable_positive,bucket_1,True
AMZZ,AMZN,False,,letf_long,1.997089,ok,-0.018769,60000.0,-0.018769,False,32.37379837036133,0.604764,0.178216,0.302823,0.0115,0.15918631944444445,2026-10-05,letf,0.15918631944444445,0.07682540867280355,0.10669561212545256,0.13291777675273908,0.16414075101237474,0.2031208868363145,0.142865,0.03535100000000002,,,2,short_favorable_positive,bucket_1,True
AVGU,AVGO,False,,letf_long,1.99903,ok,-0.032034,7000.0,-0.032034,False,29.760000228881836,0.895062,0.300188,0.448156,0.0115,0.2677090833333333,2026-10-05,letf,0.2677090833333333,0.12419695245284627,0.1865133561425207,0.22991689230694393,0.2684658572963554,0.33462536825342953,0.252193,0.04799500000000001,,,2,short_favorable_positive,bucket_1,True
BABX,BABA,False,,letf_long,2.001278,ok,0.004125,1100000.0,0.004125,False,17.170000076293945,0.830331,0.282125,0.4149,0.0115,0.2863072916666667,2026-10-05,letf,0.2863072916666667,0.18923761648904236,0.21022370244452498,0.22967649749596303,0.24424136859248993,0.2675414387996997,0.224203,0.057922,,,2,short_favorable_positive,bucket_1,True
CONL,COIN,False,,letf_long,1.990865,ok,-0.04,700000.0,-0.04,False,5.809999942779541,1.402701,0.742698,0.706244,0.0115,0.7021424444444444,2026-10-05,letf,0.7021424444444444,0.3958450113145162,0.45838347510374167,0.4986985280286829,0.5465594008235264,0.6055515294471837,0.54328,0.19941799999999998,,,2,short_favorable_positive,bucket_1,True
CRWL,CRWD,False,,letf_long,1.989492,ok,-0.124944,20000.0,-0.124944,False,110.81999969482422,1.031694,0.421413,0.518572,0.0115,0.29473366666666667,2026-10-05,letf,0.29473366666666667,0.10437305383158615,0.14072824019129443,0.17718555283864973,0.21634601253831778,0.29706943334035174,0.315951,0.105462,,,2,short_favorable_positive,bucket_1,True
DLLL,DELL,False,,letf_long,1.989725,ok,-0.034984,200000.0,-0.034984,False,34.220001220703125,1.324649,0.455939,0.665745,0.0115,0.42046911111111107,2026-10-05,letf,0.42046911111111107,0.3264659480018889,0.4083437272650583,0.4592875044964486,0.5209057826714086,0.6106275758900553,0.487676,-0.031737000000000015,,,2,short_favorable_positive,bucket_1,True
GOU,GOOGL,False,,letf_long,1.99874,ok,-0.002921,3000.0,-0.002921,False,25.403400421142578,0.595697,0.215779,0.303903,0.0115,0.21281743055555555,2026-10-05,letf,0.21281743055555555,0.026767474910201858,0.10233064582048025,0.13832624473448202,0.184204425687527,0.2557659081989141,0.143812,0.071967,,,2,short_favorable_positive,bucket_1,True
INTW,INTC,False,,letf_long,1.990232,ok,-0.028379,2400000.0,-0.028379,False,29.209999084472656,1.436295,0.605629,0.721672,0.0115,0.5768558472222222,2026-10-05,letf,0.5768558472222222,0.44717065049778093,0.4916346314042473,0.5347008060654281,0.5843577591434028,0.6450424799907059,0.564492,0.04113699999999998,,,2,short_favorable_positive,bucket_1,True
IONL,IONQ,False,,letf_long,1.99066,ok,-0.082028,200000.0,-0.082028,False,14.479999542236328,1.817474,0.975601,0.913001,0.0115,0.8924337222222223,2026-10-05,letf,0.8924337222222223,0.5958396270604774,0.6881382449545003,0.7588781897946028,0.8391138106323281,0.9569531225299914,0.873234,0.1023670000000001,,,2,short_favorable_positive,bucket_1,True
ISUL,ISRG,False,,letf_long,2.000467,ok,-0.11388,100000.0,-0.11388,False,16.272499084472656,0.654486,0.209918,0.327167,0.0115,0.09445633333333334,2026-10-05,letf,0.09445633333333334,-0.10022031076973181,-0.02269234365664182,0.01640621769907162,0.05755231563545728,0.10562894346197331,0.158812,0.051105999999999985,,,2,short_favorable_positive,bucket_1,True
MRAL,MARA,False,,letf_long,1.987893,ok,-0.129945,100000.0,-0.129945,False,35.36000061035156,1.6246,0.82938,0.817247,0.0115,0.6976302083333333,2026-10-05,letf,0.6976302083333333,0.17253211464975737,0.2778747967951177,0.36826729458952606,0.4574181977437184,0.6167444560746083,0.707006,0.12237399999999998,,,2,short_favorable_positive,bucket_1,True
FBL,META,False,,letf_long,1.996764,ok,0.0348,95000.0,0.0348,False,33.20000076293945,0.816237,0.236088,0.40903,0.0115,0.2713713333333333,2026-10-05,letf,0.2713713333333333,0.18557493612249878,0.21194544377872837,0.23032508825339565,0.25243748215825657,0.27665625550950945,0.218044,0.018044000000000004,,,2,short_favorable_positive,bucket_1,True
MVLL,MRVL,False,,letf_long,1.997539,ok,-0.066245,650000.0,-0.066245,False,37.65999984741211,1.438505,0.688533,0.720139,0.0115,0.6213679305555555,2026-10-05,letf,0.6213679305555555,0.34154162219013884,0.4239103221682192,0.48258178693370035,0.5439941297720305,0.6496746087514828,0.568268,0.12026499999999996,,,2,short_favorable_positive,bucket_1,True
MSFL,MSFT,False,,letf_long,1.994823,ok,0.010357,8000.0,0.010357,False,27.520000457763672,0.555717,0.160526,0.278585,0.0115,0.17102684722222222,2026-10-05,letf,0.17102684722222222,0.09347340353894996,0.11780335655154336,0.1364048708972311,0.15433181737974702,0.17700089351186876,0.12848,0.03204599999999999,,,2,short_favorable_positive,bucket_1,True
MSTP,MSTR,False,,letf_long,1.988255,ok,-0.342646,100000.0,-0.342646,False,32.283599853515625,1.533899,0.740767,0.777224,0.0115,0.39336202777777773,2026-10-05,letf,0.39336202777777773,0.15707211647022246,0.2362688266899964,0.2986504548414072,0.3699493896072221,0.482571393342922,0.644685,0.096082,,,2,short_favorable_positive,bucket_1,True
MULL,MU,False,,letf_long,1.993011,ok,-0.003071,2600000.0,-0.003071,False,25.350000381469727,1.598912,0.688304,0.798803,0.0115,0.6851903472222223,2026-10-05,letf,0.6851903472222223,0.5631180805532227,0.6173109203974693,0.6631595790211993,0.7111364053555047,0.7695604525015513,0.682812,0.005492000000000052,,,2,short_favorable_positive,bucket_1,True
NBIL,NBIS,False,,letf_long,1.992887,ok,-0.006278,900000.0,-0.006278,False,25.600000381469727,2.068316,1.19019,1.037849,0.0115,1.1838248055555556,2026-10-05,letf,1.1838248055555556,0.887489291747487,1.0048441861695934,1.090072769194511,1.1845813019406468,1.303406580612435,1.11706,0.07313000000000014,,,2,short_favorable_positive,bucket_1,True
NOWL,NOW,False,,letf_long,1.994129,ok,-0.04525,650000.0,-0.04525,False,7.239999771118164,1.108448,0.434177,0.555856,0.0115,0.38829852777777774,2026-10-05,letf,0.38829852777777774,0.17757321946748106,0.25047880335073147,0.30881099664418005,0.3631309519455438,0.446619340467788,0.357704,0.07647299999999996,,,2,short_favorable_positive,bucket_1,True
NVDL,NVDA,False,,letf_long,1.993969,ok,0.005,1100000.0,0.005,False,40.165000915527344,0.735468,0.285962,0.368602,0.0115,0.29103144444444445,2026-10-05,letf,0.29103144444444445,0.13240662723323948,0.161806309625241,0.1864169680282369,0.2103047751303174,0.2524252754083165,0.186078,0.099884,,,2,short_favorable_positive,bucket_1,True
PDDL,PDD,False,,letf_long,2.007364,ok,-0.328838,250000.0,-0.328838,False,10.69480037689209,0.653499,0.244521,0.325551,0.0115,-0.08888419444444445,2026-10-05,letf,-0.08888419444444445,-0.2464816766150032,-0.19955629357058238,-0.16434711591478707,-0.10243651221255605,0.12189453796161087,0.159133,0.08538799999999999,,,2,short_favorable_positive,bucket_1,True
PTIR,PLTR,False,,letf_long,1.990037,ok,0.015473,300000.0,0.015473,False,21.549999237060547,1.06068,0.46297,0.533164,0.0115,0.47865790277777776,2026-10-05,letf,0.47865790277777776,0.25502673135319537,0.3044186642837108,0.3283241059591676,0.3714849745256263,0.42117733524512696,0.331309,0.13166099999999997,,,2,short_favorable_positive,bucket_1,True
QCML,QCOM,False,,letf_long,1.998843,ok,-0.00014,450000.0,-0.00014,False,17.503799438476562,1.058653,0.341586,0.53024,0.0115,0.34144405555555557,2026-10-05,letf,0.34144405555555557,0.23777289709697377,0.29174369295367586,0.33071927265350154,0.37857628547776423,0.44650758798344375,0.3323,0.009286000000000016,,,2,short_favorable_positive,bucket_1,True
RDTL,RDDT,False,,letf_long,1.993428,ok,-0.147261,500000.0,-0.147261,False,12.539999961853027,1.326302,0.654332,0.665337,0.0115,0.5050257083333334,2026-10-05,letf,0.5050257083333334,0.21650164786914525,0.28733632101113704,0.3401410941006,0.3964909778338841,0.4819233609397552,0.489735,0.16459700000000005,,,2,short_favorable_positive,bucket_1,True
RVNL,RIVN,False,,letf_long,1.997816,ok,-0.270767,6000.0,-0.270767,False,20.01580047607422,1.27589,0.477514,0.638642,0.0115,0.20298634722222225,2026-10-05,letf,0.20298634722222225,0.0012721134182970056,0.08570910657301231,0.15199329193434577,0.2145475106460755,0.30272379971104874,0.458121,0.019392999999999994,,,2,short_favorable_positive,bucket_1,True
SMCL,SMCI,False,,letf_long,1.990641,ok,-0.068217,100000.0,-0.068217,False,21.11549949645996,1.567195,1.034657,0.815634,0.0115,0.9654925416666666,2026-10-05,letf,0.9654925416666666,-0.1894287816449262,0.49939180554568796,0.6631426652340374,1.0065088007598908,1.1872245762121165,0.707253,0.3274039999999999,,,2,short_favorable_positive,bucket_1,True
TSMU,TSM,False,,letf_long,1.994368,ok,-0.009664,35000.0,-0.009664,False,88.42459869384766,0.801225,0.317433,0.401782,0.0115,0.3076347777777778,2026-10-05,letf,0.3076347777777778,0.14081756943127705,0.16978386889584496,0.19300870606467246,0.2208395009978573,0.2617730071560384,0.211521,0.10591200000000003,,,2,short_favorable_positive,bucket_1,True
UBRL,UBER,False,,letf_long,1.996988,ok,-0.020113,65000.0,-0.020113,False,13.180000305175781,0.690504,0.228472,0.345773,0.0115,0.2080796527777778,2026-10-05,letf,0.2080796527777778,0.11348466764878296,0.14140590692097255,0.16522027951677382,0.19289053401400688,0.22756303969428138,0.170578,0.057894,,,2,short_favorable_positive,bucket_1,True
VRTL,VRT,False,,letf_long,2.000206,ok,-0.023784,70000.0,-0.023784,False,25.149999618530273,1.218361,0.570172,0.609118,0.0115,0.5460576666666667,2026-10-05,letf,0.5460576666666667,0.2962003954780582,0.36613229043490025,0.428166771917227,0.48552055644505077,0.562620189618927,0.422828,0.14734400000000003,,,2,short_favorable_positive,bucket_1,True
BBUL,BB,False,,letf_long,1.998561,ok,-0.083695,10000.0,-0.083695,False,13.96030044555664,1.063546,0.418069,0.532156,0.015,0.33321156944444447,2026-10-05,letf,0.33321156944444447,-0.07814700090194848,0.12299312660370318,0.24128569772576935,0.3963177828638357,0.6368483496503938,0.337701,0.08036800000000005,,,2,short_favorable_positive,bucket_1,True
PUL,P,False,,letf_long,1.994395,ok,-0.133818,,-0.133818,False,73.72160339355469,1.375161,0.562311,0.689513,0.015,0.4266344166666667,2026-10-05,letf,0.4266344166666667,0.10533988023208667,0.286466441760503,0.3946067968803124,0.5256023297544965,0.6698979178349069,0.526393,0.035918000000000005,,,2,short_favorable_positive,bucket_1,True
SKUU,SKHY,False,,letf_long,1.997412,ok,-1.428179,2100000.0,-1.428179,False,31.40999984741211,1.616172,0.874373,0.809133,,-0.5736418194444445,2026-10-05,letf,-0.5736418194444445,-1.2132531210531563,-0.9200651550054635,-0.7627945008768369,-0.5998266808855989,-0.3821381597209342,0.692233,0.18213999999999997,,,2,short_favorable_positive,bucket_1,True
BTDL,BTDR,False,,letf_long,1.998378,ok,-0.278173,100000.0,-0.278173,False,14.168700218200684,1.918608,1.393914,0.960083,,1.1118774861111111,2026-10-05,letf,1.1118774861111111,0.12265374138465052,0.4426130270185097,0.7302142852443096,1.009125338534263,1.3597213196075664,0.959633,0.43428100000000014,,,2,short_favorable_positive,bucket_1,True
NTAL,NTAP,False,,letf_long,1.995634,ok,-0.006967,800.0,-0.006967,False,43.39619827270508,0.755349,0.257533,0.378501,0.015,0.2504692361111111,2026-10-05,letf,0.2504692361111111,0.04218460642123543,0.12895022007421597,0.1896369947371945,0.25354164514524713,0.3301355597986476,0.197331,0.060202000000000006,,,2,short_favorable_positive,bucket_1,True
TDCL,TDC,False,,letf_long,2.010351,ok,-0.06713,,-0.06713,False,16.222000122070312,0.756631,0.322292,0.376368,0.015,0.25422963888888894,2026-10-05,letf,0.25422963888888894,-0.5777880237069131,-0.24976236624997475,0.09705480277519021,0.4045638813402907,1.2492756216232523,0.199456,0.12283600000000003,,,2,short_favorable_positive,bucket_1,True
QYLD,QQQ,False,,covered_call_1x,0.523714,ok,0.030721,850000.0,0.030721,False,18.65999984741211,0.110906,-0.013906,0.196986,0.006,0.017241680555555555,2026-10-05,passive_low_delta,0.017241680555555555,-0.06815159136457248,-0.027628302101964812,0.005837748693764463,0.04322548426749024,0.08474669949437665,,-0.005608,,,2,short_favorable_positive,excluded_bucket_2_non_yieldboost,False
QYLG,QQQ,False,,covered_call_1x,0.722085,ok,0.030731,90000.0,0.030731,False,30.807600021362305,0.149741,-0.021716,0.196986,0.0035,0.009441819444444444,2026-10-05,passive_low_delta,0.009441819444444444,-0.03642981603496953,-0.010189983018411944,0.010154122125517997,0.02954317406349248,0.05396872280388771,,-0.017943,,,2,short_favorable_positive,excluded_bucket_2_non_yieldboost,False
QQQX,QQQ,False,,covered_call_1x,0.670185,ok,0.0348,150000.0,0.0348,False,30.489999771118164,0.161832,-0.043415,0.196986,,-0.008131666666666676,2026-10-05,passive_low_delta,-0.008131666666666676,-0.11628099708434478,-0.04935772453328643,-0.011041051935302117,0.03829871063950338,0.10149058921947793,,-0.034452,,,2,short_favorable_positive,excluded_bucket_2_non_yieldboost,False
JEPQ,QQQ,False,,covered_call_1x,0.710457,ok,0.02985,5900000.0,0.02985,False,61.189998626708984,0.146226,-0.012214,0.196986,0.0035,0.018050583333333335,2026-10-05,passive_low_delta,0.018050583333333335,-0.03293335595831705,-0.00370315930160023,0.016908934902647096,0.03881406710316221,0.06834143701735344,,-0.008070999999999998,,,2,short_favorable_positive,excluded_bucket_2_non_yieldboost,False
XYLD,SPY,False,,covered_call_1x,0.517777,ok,-0.026597,200000.0,-0.026597,False,41.849998474121094,0.070162,-0.032119,0.129098,0.006,-0.05908540277777778,2026-10-05,passive_low_delta,-0.05908540277777778,-0.12425842536409061,-0.08762518491792912,-0.06443451147546816,-0.03916844167723927,-0.002653308341779999,,-0.020824000000000002,,,2,short_favorable_positive,excluded_bucket_2_non_yieldboost,False
XYLG,SPY,False,,covered_call_1x,0.728863,ok,0.025119,8000.0,0.025119,False,29.850000381469727,0.100878,-0.027845,0.129098,0.0035,-0.0023771250000000042,2026-10-05,passive_low_delta,-0.0023771250000000042,-0.04563412240326542,-0.018426460694854197,-0.0006983996040705147,0.018041760714671586,0.055708996455729985,,-0.022098,,,2,short_favorable_positive,excluded_bucket_2_non_yieldboost,False
JEPI,SPY,False,,covered_call_1x,0.518198,ok,0.030922,2600000.0,0.030922,False,56.290000915527344,0.0795,0.023997,0.129098,0.0035,0.05534847222222222,2026-10-05,passive_low_delta,0.05534847222222222,-0.006294200564708086,0.03002645578272959,0.05849168995819852,0.08484042163756986,0.12065964336856189,,0.037775,,,2,short_favorable_positive,excluded_bucket_2_non_yieldboost,False
SPYI,SPY,False,,covered_call_1x,0.770224,ok,0.0348,4000000.0,0.0348,False,53.869998931884766,0.106053,-0.023473,0.129098,0.0068,0.011810333333333325,2026-10-05,passive_low_delta,0.011810333333333325,-0.013605347015634452,0.0014276859660274331,0.01314124660401023,0.02415566550523285,0.037928917677714655,,-0.022515,,,2,short_favorable_positive,excluded_bucket_2_non_yieldboost,False
RYLD,IWM,False,,covered_call_1x,0.511936,ok,-0.007024,150000.0,-0.007024,False,15.670000076293945,0.101987,-0.031816,0.147557,0.006,-0.03893755555555555,2026-10-05,passive_low_delta,-0.03893755555555555,-0.11669033644895975,-0.07523328272923925,-0.0435841606488082,-0.01416410918774478,0.028702906243776864,,-0.020925999999999997,,,2,short_favorable_positive,excluded_bucket_2_non_yieldboost,False
AMYY,AMD,True,income_style,income_yieldboost,0.221361,ok,-0.117051,20000.0,-0.117051,False,13.609999656677246,0.225919,-0.009786,0.683108,0.0125,-0.12846270833333331,2026-10-05,income_yieldboost,-0.12846270833333331,0.39690718543147746,0.5271409050144301,0.6131142063423867,0.7234208912250286,0.8566523850050513,0.021429,-0.031215,,,2,short_favorable_positive,bucket_2,True
AZYY,AMZN,True,income_style,income_yieldboost,0.385038,ok,-0.06163,700.0,-0.06163,False,14.364999771118164,0.187788,0.099229,0.302823,0.0125,0.036743027777777784,2026-10-05,income_yieldboost,0.036743027777777784,0.25198332685627567,0.36668203205440303,0.4476955875218975,0.5336283290233625,0.6696232106960368,-0.001352,0.100581,,,2,short_favorable_positive,bucket_2,True
BBYY,BABA,True,income_style,income_yieldboost,0.376245,ok,-0.03726,100.0,-0.03726,False,8.720000267028809,0.213736,0.18947,0.4149,0.0125,0.1516925,2026-10-05,income_yieldboost,0.1516925,0.3300002409514493,0.4637983840793203,0.5513246618286956,0.641011746844408,0.7649051144086101,0.007637,0.181833,,,2,short_favorable_positive,bucket_2,True
BIOY,XBI,True,income_style,income_yieldboost,0.414266,ok,-0.688468,900.0,-0.688468,False,20.5049991607666,0.160009,0.023098,0.272245,0.0107,-0.6749320555555556,2026-10-05,income_yieldboost,-0.6749320555555556,-0.916228773965555,-0.6576064151539217,-0.4451262803467378,-0.31370194297140164,-0.10412899158748963,-0.003843,0.026941,,,2,short_favorable_positive,bucket_2,True
COYY,COIN,True,income_style,income_yieldboost,0.303444,ok,-0.089092,10000.0,-0.089092,False,14.449999809265137,0.29656,0.625204,0.706244,0.0125,0.5348746111111111,2026-10-05,income_yieldboost,0.5348746111111111,0.37611107596150606,0.5558525144519512,0.6654039143158634,0.7949256613108463,0.979281187577419,0.037225,0.587979,,,2,short_favorable_positive,bucket_2,True
CWY,CRWV,True,income_style,income_yieldboost,0.171097,ok,-0.029822,800.0,-0.029822,False,15.34000015258789,0.184013,0.121437,0.914622,0.0107,0.09120080555555556,2026-10-05,income_yieldboost,0.09120080555555556,0.540730258277408,0.6641637271676775,0.7570132281104506,0.8632491970350871,0.9972535072064842,0.036714,0.084723,,,2,short_favorable_positive,bucket_2,True
FBYY,META,True,income_style,income_yieldboost,0.338813,ok,-0.01213,500.0,-0.01213,False,10.670000076293945,0.208774,0.454601,0.40903,0.0125,0.44230252777777773,2026-10-05,income_yieldboost,0.44230252777777773,0.3125940994227418,0.45505873838451727,0.551273730977375,0.6546562923537036,0.8133535223334024,0.004673,0.449928,,,2,short_favorable_positive,bucket_2,True
FINY,XLF,True,income_style,income_yieldboost,0.383196,ok,-0.11388,10000.0,-0.11388,False,24.6299991607666,0.07984,-0.122453,0.144726,0.0107,-0.23791466666666666,2026-10-05,income_yieldboost,-0.23791466666666666,-0.6648802353268487,-0.5203512025758992,-0.42982111678193036,-0.2247840757474638,0.11510617076342504,-0.011608,-0.110845,,,2,short_favorable_positive,bucket_2,True
FIYY,TLT,True,income_style,income_yieldboost,0.297061,ok,-0.19088,100.0,-0.19088,False,23.614700317382812,0.065659,0.058106,0.109056,,-0.1354251111111111,2026-10-05,income_yieldboost,-0.1354251111111111,-0.2867378034065102,-0.19862491208759211,-0.1418613007254955,-0.0755172899297893,0.033134151400579584,-0.027002,0.085108,,,2,short_favorable_positive,bucket_2,True
HMYY,HIMS,True,income_style,income_yieldboost,0.220113,ok,-0.019428,,-0.019428,False,5.433899879455566,0.284443,0.77971,0.85297,0.0125,0.7600121666666667,2026-10-05,income_yieldboost,0.7600121666666667,0.4266365117048766,0.6337242243533665,0.7554610274028299,0.864906493390852,1.0914912888319344,0.043612,0.736098,,,2,short_favorable_positive,bucket_2,True
HOYY,HOOD,True,income_style,income_yieldboost,0.289836,ok,-0.153035,60000.0,-0.153035,False,4.645299911499023,0.320664,0.550169,0.707062,0.0125,0.3950085138888889,2026-10-05,income_yieldboost,0.3950085138888889,0.255038761211914,0.4542968697812353,0.5847202333860173,0.7180035555106671,0.9111761150986265,0.035417,0.514752,,,2,short_favorable_positive,bucket_2,True
IOYY,IONQ,True,income_style,income_yieldboost,0.226743,ok,-0.063942,,-0.063942,False,5.739999771118164,0.278998,0.406022,0.913001,0.0125,0.34119191666666665,2026-10-05,income_yieldboost,0.34119191666666665,0.44950588375818473,0.5944500427488492,0.7132862181232891,0.8340775805045029,1.014410702516831,0.054506,0.351516,,,2,short_favorable_positive,bucket_2,True
MAAY,MARA,True,income_style,income_yieldboost,0.232874,ok,-0.006413,4000.0,-0.006413,False,4.699999809265137,0.262896,0.555603,0.817247,0.0125,0.5491009305555555,2026-10-05,income_yieldboost,0.5491009305555555,0.508101981218094,0.6611530677133508,0.7678431815297178,0.8672068325864177,1.0092250110417154,0.041334,0.514269,,,2,short_favorable_positive,bucket_2,True
MTYY,MSTR,True,income_style,income_yieldboost,0.236194,ok,-0.00713,,-0.00713,False,17.53499984741211,0.310674,0.984168,0.777224,0.0125,0.9769389722222223,2026-10-05,income_yieldboost,0.9769389722222223,0.4298900504612476,0.6209166678908331,0.7498212389700333,0.8797584751264371,1.0816962438435571,0.0363,0.947868,,,2,short_favorable_positive,bucket_2,True
MUYY,MU,True,income_style,income_yieldboost,0.148034,ok,-0.025002,10000.0,-0.025002,False,18.69230079650879,0.165802,0.066717,0.798803,0.0125,0.041367749999999995,2026-10-05,income_yieldboost,0.041367749999999995,0.5023342727162932,0.63007342376072,0.741759385562909,0.8416768691755282,0.9643039084208492,0.018506,0.048211,,,2,short_favorable_positive,bucket_2,True
NUGY,GDX,True,income_style,income_yieldboost,0.341169,ok,0.020074,7000.0,0.020074,False,11.380000114440918,0.224353,0.110864,0.504843,0.0107,0.13121680555555557,2026-10-05,income_yieldboost,0.13121680555555557,0.44374438011778256,0.5740234315901533,0.6579534117007712,0.7457306769029876,0.857098536560802,0.012872,0.09799200000000001,,,2,short_favorable_positive,bucket_2,True
NVYY,NVDA,True,income_style,income_yieldboost,0.408023,ok,-0.032807,20000.0,-0.032807,False,11.339699745178223,0.212366,-0.039661,0.368602,0.0125,-0.07292365277777778,2026-10-05,income_yieldboost,-0.07292365277777778,0.34783053338149006,0.4444956215716984,0.5136690509372857,0.6020592939450491,0.7182171667827864,0.005123,-0.044784000000000004,,,2,short_favorable_positive,bucket_2,True
PLYY,PLTR,True,income_style,income_yieldboost,0.294323,ok,-0.004,9000.0,-0.004,False,8.140000343322754,0.255756,0.294634,0.533164,0.0125,0.2905784444444445,2026-10-05,income_yieldboost,0.2905784444444445,0.4227393088742195,0.5750140383817118,0.6843124694411025,0.7998834380600649,0.9649618571440919,0.013666,0.280968,,,2,short_favorable_positive,bucket_2,True
QBY,QBTS,True,income_style,income_yieldboost,0.205172,ok,-0.179569,10000.0,-0.179569,False,5.434999942779541,0.265317,0.513546,1.03405,0.0107,0.33148298611111104,2026-10-05,income_yieldboost,0.33148298611111104,0.32234023814613605,0.5095831435467492,0.6395557745099554,0.755864618158779,0.9287182916290858,0.065949,0.44759699999999997,,,2,short_favorable_positive,bucket_2,True
RGYY,RGTI,True,income_style,income_yieldboost,0.223297,ok,-1.120484,4000.0,-1.120484,False,5.569300174713135,0.278195,0.51597,0.974455,0.0125,-0.6200762777777777,2026-10-05,income_yieldboost,-0.6200762777777777,-0.6198091231474298,-0.4423547607314692,-0.32052422192072894,-0.17261875743131716,0.028467071796336132,0.063636,0.452334,,,2,short_favorable_positive,bucket_2,True
RTYY,RIOT,True,income_style,income_yieldboost,0.218073,ok,-0.05632,25000.0,-0.05632,False,7.654399871826172,0.258612,0.308571,0.875753,0.0125,0.25146877777777776,2026-10-05,income_yieldboost,0.25146877777777776,0.4270103617512606,0.5964549249924285,0.7260724023370837,0.8449347473081203,1.0123260767590379,0.046471,0.2621,,,2,short_favorable_positive,bucket_2,True
SEMY,SOXX,True,income_style,income_yieldboost,0.345413,ok,-0.347505,100000.0,-0.347505,False,12.585000038146973,0.223078,-0.118665,0.458707,0.0125,-0.47099645833333337,2026-10-05,income_yieldboost,-0.47099645833333337,0.08903618002146264,0.2631092329952499,0.3782496047989654,0.5125553421782352,0.7010559484837857,0.009986,-0.12865100000000002,,,2,short_favorable_positive,bucket_2,True
SMYY,SMCI,True,income_style,income_yieldboost,0.202601,ok,-0.078697,3000.0,-0.078697,False,5.954899787902832,0.281783,0.283276,0.815634,0.0125,0.20348598611111107,2026-10-05,income_yieldboost,0.20348598611111107,0.3838275189627412,0.5848101528291145,0.709247824609623,0.8552318755154019,1.0339936226640223,0.034198,0.24907799999999997,,,2,short_favorable_positive,bucket_2,True
TECY,XLK,True,income_style,income_yieldboost,0.343831,ok,-0.079918,100.0,-0.079918,False,21.200000762939453,0.126595,0.101788,0.239508,,0.020760027777777787,2026-10-05,income_yieldboost,0.020760027777777787,0.12319580029169497,0.2193521229688652,0.3134559368874418,0.4030857503199605,0.5215676902531811,-0.019894,0.121682,,,2,short_favorable_positive,bucket_2,True
TMYY,TSM,True,income_style,income_yieldboost,0.32244,ok,-0.029784,600.0,-0.029784,False,22.104999542236328,0.168318,-0.158062,0.401782,0.0125,-0.1882596666666667,2026-10-05,income_yieldboost,-0.1882596666666667,0.3449793868599454,0.4646174956963425,0.5461558314774132,0.6283442224569387,0.744229868348892,0.00291,-0.160972,,,2,short_favorable_positive,bucket_2,True
TQQY,QQQ,True,income_style,income_yieldboost,0.640769,ok,-1.049568,30000.0,-1.049568,False,12.34000015258789,0.193804,0.133534,0.196986,0.0115,-0.9306113333333332,2026-10-05,income_yieldboost,-0.9306113333333332,-0.9243151526565135,-0.7547192104219753,-0.6548303919778629,-0.4253152721490601,0.21616186575697097,0.001532,0.132002,,,2,short_favorable_positive,bucket_2,True
TSYY,TSLA,True,income_style,income_yieldboost,0.425115,ok,-0.029119,100000.0,-0.029119,False,19.729999542236328,0.268682,0.206794,0.438233,0.0125,0.17727056944444444,2026-10-05,income_yieldboost,0.17727056944444444,0.3284141762554787,0.4930560746096411,0.5974862397920981,0.703482134333621,0.8490051941371746,0.012869,0.19392500000000001,,,2,short_favorable_positive,bucket_2,True
XBTY,IBIT,True,income_style,income_yieldboost,0.396546,ok,-0.004126,20000.0,-0.004126,False,5.625,0.234634,0.2544,0.434603,0.0125,0.25021669444444444,2026-10-05,income_yieldboost,0.25021669444444444,0.4038604641752462,0.5172425095459806,0.6227592664845214,0.7099738560079589,0.8525679980741683,0.010852,0.24354800000000001,,,2,short_favorable_positive,bucket_2,True
XEY,ETHA,True,income_style,income_yieldboost,0.223433,ok,-0.05888,1000.0,-0.05888,False,20.2450008392334,0.145325,0.104804,0.632487,,0.04510622222222222,2026-10-05,income_yieldboost,0.04510622222222222,0.36881386107914294,0.5373534863783753,0.664627041054352,0.7757299133056216,0.9467115817726652,0.003503,0.10130099999999999,,,2,short_favorable_positive,bucket_2,True
YSPY,SPY,True,income_style,income_yieldboost,0.692905,ok,-0.004,10000.0,-0.004,False,15.199999809265137,0.167486,-0.046426,0.129098,0.0115,-0.05048155555555556,2026-10-05,income_yieldboost,-0.05048155555555556,-0.09526767537091897,0.005844017007774566,0.07825833473394181,0.14825607165365765,0.23906492766540705,0.000934,-0.04736,,,2,short_favorable_positive,bucket_2,True
AIYY,AI,False,,scraped_income,0.75073,ok,-0.032894,45000.0,-0.032894,False,7.429999828338623,0.455629,0.207281,0.606915,0.0099,0.1739301388888889,2026-10-05,passive_low_delta,0.1739301388888889,0.06277588934909498,0.1372555244468288,0.19860530227370898,0.2626024581684806,0.33899861222383354,,0.172932,,,2,short_favorable_positive,excluded_bucket_2_non_yieldboost,False
AMDY,AMD,False,,scraped_income,0.793707,ok,-0.012435,20000.0,-0.012435,False,52.099998474121094,0.586965,-0.011813,0.683108,0.01,-0.024420708333333332,2026-10-05,passive_low_delta,-0.024420708333333332,-0.12252951110639043,-0.055905247247629374,-0.023896671425760383,0.016487164181859172,0.06830486050100484,,-0.051726999999999995,,,2,short_favorable_positive,excluded_bucket_2_non_yieldboost,False
AMZY,AMZN,False,,scraped_income,0.740342,ok,0.013978,550000.0,0.013978,False,10.34000015258789,0.240725,-0.022751,0.302823,0.0109,-0.008578861111111112,2026-10-05,passive_low_delta,-0.008578861111111112,-0.0760481564275727,-0.036677779019945914,-0.01229286277765654,0.010523387004378772,0.040147076705816714,,-0.032032,,,2,short_favorable_positive,excluded_bucket_2_non_yieldboost,False
APLY,AAPL,False,,scraped_income,0.772091,ok,-0.004744,100000.0,-0.004744,False,11.739999771118164,0.192446,0.042043,0.236453,0.0104,0.037233111111111106,2026-10-05,passive_low_delta,0.037233111111111106,-0.03845594998811656,0.005428490730770694,0.0348095486173485,0.06778651358630058,0.11155902980896168,,0.035880999999999996,,,2,short_favorable_positive,excluded_bucket_2_non_yieldboost,False
BABO,BABA,False,,scraped_income,0.758329,ok,-0.018809,100000.0,-0.018809,False,7.212500095367432,0.341251,0.054963,0.4149,0.01,0.03589276388888889,2026-10-05,passive_low_delta,0.03589276388888889,-0.059111468805324294,-0.003390406618709373,0.03297481035007224,0.06984849921209002,0.11196185525593026,,0.038899,,,2,short_favorable_positive,excluded_bucket_2_non_yieldboost,False
BRKC,BRK-B,False,,scraped_income,0.709217,ok,-0.149458,10000.0,-0.149458,False,39.488399505615234,0.107927,0.003661,0.138382,0.0101,-0.14787280555555557,2026-10-05,passive_low_delta,-0.14787280555555557,-0.2163472452354446,-0.1790863877701162,-0.14671811152170766,-0.11978187704499507,-0.07764629534649643,,0.0032700000000000003,,,2,short_favorable_positive,excluded_bucket_2_non_yieldboost,False
CONY,COIN,False,,scraped_income,0.779393,ok,-0.024018,200000.0,-0.024018,False,19.989999771118164,0.597487,0.088926,0.706244,0.0104,0.06457441666666668,2026-10-05,passive_low_delta,0.06457441666666668,-0.024374138322470453,0.03873501958714015,0.0897273952540213,0.13434581890335584,0.21436864859903398,,0.04451000000000001,,,2,short_favorable_positive,excluded_bucket_2_non_yieldboost,False
CRCO,CRCL,False,,scraped_income,0.743751,ok,-0.031214,95000.0,-0.031214,False,13.300000190734863,0.753751,0.027719,0.906973,,-0.003928527777777774,2026-10-05,passive_low_delta,-0.003928527777777774,-0.3059720871852875,-0.09262889584812237,0.011813464450426817,0.12103255848444151,0.29555471859112137,,-0.040373,,,2,short_favorable_positive,excluded_bucket_2_non_yieldboost,False
CVNY,CVNA,False,,scraped_income,0.766357,ok,-0.015514,20000.0,-0.015514,False,17.700000762939453,0.493496,-0.008556,0.643951,0.0109,-0.024285472222222222,2026-10-05,passive_low_delta,-0.024285472222222222,-0.17885107366763198,-0.10632982881932689,-0.04026840828336191,0.02141715468711781,0.12317981920904132,,-0.047193,,,2,short_favorable_positive,excluded_bucket_2_non_yieldboost,False
DRAY,DKNG,False,,scraped_income,0.76064,ok,-0.071943,15000.0,-0.071943,False,11.510000228881836,0.444594,0.113854,0.5845,,0.04091179166666667,2026-10-05,passive_low_delta,0.04091179166666667,-0.17623205933106625,-0.038131736351185164,0.0561981655111381,0.15112149037953168,0.30200664698618984,,0.092371,,,2,short_favorable_positive,excluded_bucket_2_non_yieldboost,False
FBY,META,False,,scraped_income,0.776645,ok,0.001339,80000.0,0.001339,False,9.65999984741211,0.339641,0.050159,0.40903,0.0106,0.051516597222222224,2026-10-05,passive_low_delta,0.051516597222222224,-0.039329789491026904,0.008087560565246055,0.04130390351180739,0.06722777864847068,0.10758910806660087,,0.034022000000000004,,,2,short_favorable_positive,excluded_bucket_2_non_yieldboost,False
GMEY,GME,False,,scraped_income,0.6529,ok,-0.067573,,-0.067573,False,25.690000534057617,0.274475,0.20075,0.361172,,0.13223848611111114,2026-10-05,passive_low_delta,0.13223848611111114,-0.09622945404032313,0.021725630035829065,0.10415531566759469,0.17798044397250853,0.2976349260563701,,0.199916,,,2,short_favorable_positive,excluded_bucket_2_non_yieldboost,False
GOOY,GOOGL,False,,scraped_income,0.758163,ok,0.020644,250000.0,0.020644,False,12.069999694824219,0.247978,-0.008541,0.303903,0.0114,0.012389722222222219,2026-10-05,passive_low_delta,0.012389722222222219,-0.06777933002104944,-0.02835708028521572,0.007102788476230211,0.03292481630640179,0.0690779202630826,,-0.018691,,,2,short_favorable_positive,excluded_bucket_2_non_yieldboost,False
HIYY,HIMS,False,,scraped_income,0.755572,ok,0.0135,50000.0,0.0135,False,11.729999542236328,0.734692,0.028275,0.85297,,0.0419625,2026-10-05,passive_low_delta,0.0419625,-0.2819836619660836,-0.08331207259611641,0.08005015370123578,0.23542157058240118,0.5076733850064333,,-0.029087999999999996,,,2,short_favorable_positive,excluded_bucket_2_non_yieldboost,False
HOOY,HOOD,False,,scraped_income,0.747841,ok,-0.000654,7000.0,-0.000654,False,27.110000610351562,0.580129,0.042886,0.707062,0.0099,0.042222916666666666,2026-10-05,passive_low_delta,0.042222916666666666,-0.1150553337206681,-0.031116364001108645,0.027925315170631966,0.08699838300239739,0.1772274438892726,,-0.004020000000000003,,,2,short_favorable_positive,excluded_bucket_2_non_yieldboost,False
MARO,MARA,False,,scraped_income,0.739162,ok,0.015707,300000.0,0.015707,False,3.819999933242798,0.650505,0.199393,0.817247,0.01,0.21531815277777777,2026-10-05,passive_low_delta,0.21531815277777777,0.05421579078980817,0.12894098187485736,0.20102651555764878,0.28637303378469126,0.4067423132782973,,0.135488,,,2,short_favorable_positive,excluded_bucket_2_non_yieldboost,False
MRNY,MRNA,False,,scraped_income,0.744931,ok,-0.092746,55000.0,-0.092746,False,41.189998626708984,0.58136,0.060679,0.750387,0.01,-0.033355138888888886,2026-10-05,passive_low_delta,-0.033355138888888886,-0.3464523195525701,-0.19925968371892358,-0.11819404988621991,-0.03594430973487576,0.06983260404454586,,0.007432999999999995,,,2,short_favorable_positive,excluded_bucket_2_non_yieldboost,False
MSFO,MSFT,False,,scraped_income,0.783147,ok,0.015926,100000.0,0.015926,False,12.510000228881836,0.247484,-0.015785,0.278585,0.0103,0.00036219444444444276,2026-10-05,passive_low_delta,0.00036219444444444276,-0.07068390692259977,-0.03326082549320824,-0.005331472639809216,0.026989751559121863,0.0641150547518095,,-0.023962,,,2,short_favorable_positive,excluded_bucket_2_non_yieldboost,False
MSTY,MSTR,False,,scraped_income,0.785067,ok,-0.014297,400000.0,-0.014297,False,16.739999771118164,0.662534,0.050614,0.777224,0.0103,0.03611843055555555,2026-10-05,passive_low_delta,0.03611843055555555,-0.09405285662198389,-0.022839936991418328,0.0261822511124902,0.08522658597652077,0.1522507167779925,,-0.002015000000000003,,,2,short_favorable_positive,excluded_bucket_2_non_yieldboost,False
NFLY,NFLX,False,,scraped_income,0.735373,ok,0.018897,100000.0,0.018897,False,6.59499979019165,0.271062,0.023684,0.353422,0.0101,0.042843458333333334,2026-10-05,passive_low_delta,0.042843458333333334,-0.06765567563669653,-0.004525339291055136,0.0350685304880099,0.08182606113386268,0.1392803755307615,,0.012063,,,2,short_favorable_positive,excluded_bucket_2_non_yieldboost,False
NVDY,NVDA,False,,scraped_income,0.75968,ok,0.014375,1500000.0,0.014375,False,13.020000457763672,0.297063,-0.036678,0.368602,0.0109,-0.022103347222222222,2026-10-05,passive_low_delta,-0.022103347222222222,-0.09068165516242964,-0.04402671217186693,-0.011603224016640988,0.01692987269575995,0.06319298534756898,,-0.050324,,,2,short_favorable_positive,excluded_bucket_2_non_yieldboost,False
PLTY,PLTR,False,,scraped_income,0.788406,ok,-0.003764,90000.0,-0.003764,False,36.7400016784668,0.451452,0.055711,0.533164,0.0107,0.05189472222222222,2026-10-05,passive_low_delta,0.05189472222222222,-0.058859898307165134,-0.0030716820245075853,0.049831244613231754,0.08862140947069061,0.151958862870202,,0.029801999999999995,,,2,short_favorable_positive,excluded_bucket_2_non_yieldboost,False
PYPY,PYPL,False,,scraped_income,0.78923,ok,0.025211,30000.0,0.025211,False,25.959999084472656,0.339086,0.023874,0.388691,0.0131,0.049435152777777776,2026-10-05,passive_low_delta,0.049435152777777776,-0.0335547566917957,0.022368489693964683,0.06891835243150925,0.10720411716241138,0.16963280437241912,,0.006676999999999999,,,2,short_favorable_positive,excluded_bucket_2_non_yieldboost,False
RBLY,RBLX,False,,scraped_income,0.762971,ok,-1.011208,15000.0,-1.011208,False,9.0600004196167,0.544893,0.160854,0.666447,,-0.8643985555555556,2026-10-05,passive_low_delta,-0.8643985555555556,-1.0178370214050663,-0.9134997860414197,-0.8518157989432986,-0.78012097694115,-0.6926467050621864,,0.130216,,,2,short_favorable_positive,excluded_bucket_2_non_yieldboost,False
RDYY,RDDT,False,,scraped_income,0.748289,ok,0.021,10000.0,0.021,False,15.073699951171875,0.546491,0.040597,0.665337,,0.06188866666666667,2026-10-05,passive_low_delta,0.06188866666666667,-0.12468416963366707,-0.024178764009314575,0.0661717145310038,0.14799452096107835,0.2727345367486857,,0.009021000000000001,,,2,short_favorable_positive,excluded_bucket_2_non_yieldboost,False
SMCY,SMCI,False,,scraped_income,0.746333,ok,-0.002104,200000.0,-0.002104,False,5.5,0.660322,0.14049,0.815634,0.0101,0.13835677777777777,2026-10-05,passive_low_delta,0.13835677777777777,0.01531450452425901,0.10748837899696628,0.17066854794062314,0.2369870068051066,0.36909739087718785,,0.077609,,,2,short_favorable_positive,excluded_bucket_2_non_yieldboost,False
SNOY,SNOW,False,,scraped_income,0.769161,ok,-0.029329,100000.0,-0.029329,False,11.369999885559082,0.450757,-0.01907,0.559231,0.01,-0.04880634722222223,2026-10-05,passive_low_delta,-0.04880634722222223,-0.18733907226250898,-0.12114967744906414,-0.0763342220628809,-0.02973659337807667,0.03701922121641138,,-0.047559000000000004,,,2,short_favorable_positive,excluded_bucket_2_non_yieldboost,False
TSLY,TSLA,False,,scraped_income,0.757635,ok,0.015366,550000.0,0.015366,False,22.6200008392334,0.35509,-0.022907,0.438233,0.0107,-0.007327583333333335,2026-10-05,passive_low_delta,-0.007327583333333335,-0.0892208860062446,-0.0378646454518413,0.00015410999218591192,0.03585324852843225,0.10253775675676813,,-0.041500999999999996,,,2,short_favorable_positive,excluded_bucket_2_non_yieldboost,False
TSMY,TSM,False,,scraped_income,0.757532,ok,-0.013483,250000.0,-0.013483,False,16.309999465942383,0.333519,-0.035386,0.401782,0.0101,-0.04905626388888889,2026-10-05,passive_low_delta,-0.04905626388888889,-0.12399957233468382,-0.0799849572809048,-0.040609989899693985,-0.010257770038337112,0.040892766016702796,,-0.050569,,,2,short_favorable_positive,excluded_bucket_2_non_yieldboost,False
XOMO,XOM,False,,scraped_income,0.756457,ok,-0.00938,75000.0,-0.00938,False,10.899999618530273,0.207863,0.047707,0.257781,0.0117,0.03819672222222222,2026-10-05,passive_low_delta,0.03819672222222222,-0.02560039293748751,0.013100091811398637,0.03627938403696709,0.06453600652536368,0.10102192260380864,,0.039671,,,2,short_favorable_positive,excluded_bucket_2_non_yieldboost,False
XYZY,XYZ,False,,scraped_income,0.762856,ok,-0.06438,10000.0,-0.06438,False,23.18000030517578,0.37441,0.085146,0.442963,0.0136,0.019871833333333325,2026-10-05,passive_low_delta,0.019871833333333325,-0.07221043559543153,-0.019403189094633413,0.03039164757057329,0.07738304202361551,0.13917218386863253,,0.063326,,,2,short_favorable_positive,excluded_bucket_2_non_yieldboost,False
AAPW,AAPL,False,,scraped_income,1.084584,ok,-0.124674,30000.0,-0.124674,False,40.42570114135742,0.286853,0.048073,0.236453,0.0099,-0.07833258333333332,2026-10-05,passive_low_delta,-0.07833258333333332,-0.19282048110450825,-0.13520967195628494,-0.09431132143187815,-0.05420910159982267,-0.004065327189773115,,0.03221,,,2,short_favorable_positive,excluded_bucket_2_non_yieldboost,False
AMDW,AMD,False,,scraped_income,1.056935,ok,0.022656,2000.0,0.022656,False,104.19999694824219,0.824359,-0.050971,0.683108,0.01,-0.02800033333333334,2026-10-05,passive_low_delta,-0.02800033333333334,-0.1945061858918122,-0.09814093744535635,-0.03915710021613663,0.026921806967021168,0.11717343230009322,,-0.077299,,,2,short_favorable_positive,excluded_bucket_2_non_yieldboost,False
AMZW,AMZN,False,,scraped_income,1.067551,ok,0.007753,15000.0,0.007753,False,34.40439987182617,0.366618,0.045794,0.302823,0.01,0.053654680555555556,2026-10-05,passive_low_delta,0.053654680555555556,-0.02476391860749567,0.01086678024340611,0.044009357601836496,0.08238538612814206,0.12714131200205414,,0.029773,,,2,short_favorable_positive,excluded_bucket_2_non_yieldboost,False
ARMW,ARM,False,,scraped_income,1.046427,ok,-0.090082,25000.0,-0.090082,False,46.86000061035156,0.942998,0.039613,0.77105,0.01,-0.05172013888888887,2026-10-05,passive_low_delta,-0.05172013888888887,-0.2915726117620976,-0.1335942914242209,-0.053439144507046114,0.04186782711167257,0.19867710616918802,,0.013306000000000002,,,2,short_favorable_positive,excluded_bucket_2_non_yieldboost,False
AVGW,AVGO,False,,scraped_income,1.065463,ok,4.8e-05,35000.0,4.8e-05,False,33.016300201416016,0.544898,0.042038,0.448156,0.01,0.04208666666666667,2026-10-05,passive_low_delta,0.04208666666666667,-0.07071846873914979,-0.0012118183038916563,0.046613434629836456,0.0849360774792543,0.14623680487114893,,0.022403,,,2,short_favorable_positive,excluded_bucket_2_non_yieldboost,False
BABW,BABA,False,,scraped_income,1.038007,ok,0.001062,10000.0,0.001062,False,19.665700912475586,0.476349,0.147852,0.4149,0.01,0.14892875,2026-10-05,passive_low_delta,0.14892875,0.007830296171569393,0.08283599138399889,0.1399829337968651,0.18840587782263926,0.2596478439012683,,0.13292900000000002,,,2,short_favorable_positive,excluded_bucket_2_non_yieldboost,False
BRKW,BRK-B,False,,scraped_income,1.046418,ok,-0.008909,8000.0,-0.008909,False,38.04999923706055,0.16365,0.031352,0.138382,0.01,0.022319263888888885,2026-10-05,passive_low_delta,0.022319263888888885,-0.03053339572949389,0.0022974519129879242,0.023283677897763942,0.041890552469079606,0.0772954528042781,,0.019021999999999997,,,2,short_favorable_positive,excluded_bucket_2_non_yieldboost,False
COIW,COIN,False,,scraped_income,1.086947,ok,-0.188064,100000.0,-0.188064,False,8.800000190734863,0.854477,0.128125,0.706244,0.0099,-0.06255100000000002,2026-10-05,passive_low_delta,-0.06255100000000002,-0.19540157734611424,-0.11445729602636273,-0.05530081548525602,-0.002870952971103985,0.07277351330889661,,0.09116199999999999,,,2,short_favorable_positive,excluded_bucket_2_non_yieldboost,False
COSW,COST,False,,scraped_income,1.027205,ok,-0.005856,7000.0,-0.005856,False,36.92959976196289,0.246036,0.050294,0.196709,0.0099,0.04435666666666666,2026-10-05,passive_low_delta,0.04435666666666666,-0.08181696052624962,-0.005951151354391582,0.0453415348870906,0.09400543946134693,0.16893571862023285,,0.038759999999999996,,,2,short_favorable_positive,excluded_bucket_2_non_yieldboost,False
GOOW,GOOGL,False,,scraped_income,1.075765,ok,0.003445,90000.0,0.003445,False,59.231201171875,0.373961,-0.004015,0.303903,0.01,-0.0005221527777777781,2026-10-05,passive_low_delta,-0.0005221527777777781,-0.08216575844924655,-0.03874288863066388,-0.004234999906041903,0.029332607354270877,0.08854751894126861,,-0.020823,,,2,short_favorable_positive,excluded_bucket_2_non_yieldboost,False
HOOW,HOOD,False,,scraped_income,1.063668,ok,0.022706,15000.0,0.022706,False,26.979999542236328,0.853481,0.077771,0.707062,0.0099,0.10079236111111112,2026-10-05,passive_low_delta,0.10079236111111112,-0.052097592912833834,0.030190205394186587,0.09525548052565193,0.16530453252828306,0.2614552482608385,,0.04838500000000001,,,2,short_favorable_positive,excluded_bucket_2_non_yieldboost,False
METW,META,False,,scraped_income,1.065934,ok,-0.002664,25000.0,-0.002664,False,29.610000610351562,0.48545,0.054806,0.40903,0.0099,0.052105,2026-10-05,passive_low_delta,0.052105,-0.03220132018624465,0.018377953829258345,0.054597899977859285,0.08847416999720611,0.14441190710113852,,0.036378,,,2,short_favorable_positive,excluded_bucket_2_non_yieldboost,False
MSFW,MSFT,False,,scraped_income,1.062203,ok,-0.057402,30000.0,-0.057402,False,33.380699157714844,0.34106,0.047134,0.278585,0.01,-0.011065249999999999,2026-10-05,passive_low_delta,-0.011065249999999999,-0.1102187175033789,-0.04900087276635814,-0.009640427025695227,0.029410908074606452,0.08128357321418148,,0.032071,,,2,short_favorable_positive,excluded_bucket_2_non_yieldboost,False
MSTW,MSTR,False,,scraped_income,1.053661,ok,0.0348,350000.0,0.0348,False,5.25,0.92225,0.287516,0.777224,0.0099,0.3227993333333333,2026-10-05,passive_low_delta,0.3227993333333333,0.10888863183036418,0.21049274431268175,0.2926314485703595,0.37113189230553095,0.49232222129793307,,0.258382,,,2,short_favorable_positive,excluded_bucket_2_non_yieldboost,False
NFLW,NFLX,False,,scraped_income,1.062385,ok,0.002969,15000.0,0.002969,False,13.619999885559082,0.410422,0.110615,0.353422,0.01,0.11362523611111111,2026-10-05,passive_low_delta,0.11362523611111111,0.04009679875714671,0.0826487530423239,0.11227807846780011,0.14246334382944054,0.1908964030477531,,0.093969,,,2,short_favorable_positive,excluded_bucket_2_non_yieldboost,False
NVDW,NVDA,False,,scraped_income,1.080181,ok,-0.035612,80000.0,-0.035612,False,38.90999984741211,0.440071,0.030332,0.368602,,-0.005774611111111109,2026-10-05,passive_low_delta,-0.005774611111111109,-0.08236229362071588,-0.035770823164521855,-0.0038406325392310765,0.022234980161896664,0.06530140326047684,,0.021227000000000003,,,2,short_favorable_positive,excluded_bucket_2_non_yieldboost,False
PLTW,PLTR,False,,scraped_income,1.074393,ok,0.010376,35000.0,0.010376,False,24.75,0.636426,0.056998,0.533164,0.0099,0.06751811111111111,2026-10-05,passive_low_delta,0.06751811111111111,-0.05157342935901394,0.020347903974932552,0.07464832490908362,0.13491140880202365,0.2107068811203256,,0.032749,,,2,short_favorable_positive,excluded_bucket_2_non_yieldboost,False
TSLW,TSLA,False,,scraped_income,1.085287,ok,-0.04812,200000.0,-0.04812,False,18.229999542236328,0.525915,0.081767,0.438233,0.0099,0.03297866666666667,2026-10-05,passive_low_delta,0.03297866666666667,-0.07607688215938824,-0.007267419246171599,0.03358831291431513,0.0738454533632816,0.12382501405651952,,0.05955200000000001,,,2,short_favorable_positive,excluded_bucket_2_non_yieldboost,False
UBEW,UBER,False,,scraped_income,1.043094,ok,-0.09023,8000.0,-0.09023,False,23.413299560546875,0.422129,0.111307,0.345773,0.0099,0.01982380555555556,2026-10-05,passive_low_delta,0.01982380555555556,-0.10079306294450255,-0.02917960362611863,0.01700514417332727,0.07106541943414432,0.1324375368454987,,0.096988,,,2,short_favorable_positive,excluded_bucket_2_non_yieldboost,False
UNHW,UNH,False,,scraped_income,1.023128,ok,0.0348,2000.0,0.0348,False,43.85210037231445,0.332543,-0.002935,0.27384,0.0099,0.032348333333333326,2026-10-05,passive_low_delta,0.032348333333333326,-0.05866725698559183,0.013369427564307788,0.07335201525745497,0.13069709922812242,0.22152025618252272,,-0.014652,,,2,short_favorable_positive,excluded_bucket_2_non_yieldboost,False
TSYW,TLT,False,,scraped_income,1.016272,ok,-0.065603,,-0.065603,False,37.686100006103516,0.110831,0.062437,0.109056,0.0099,-0.004077152777777766,2026-10-05,passive_low_delta,-0.004077152777777766,-0.04399534774908435,-0.018590157239339156,-0.0015124886662201617,0.018774213906716197,0.04387813345116079,,0.051785,,,2,short_favorable_positive,excluded_bucket_2_non_yieldboost,False
GLDW,GOLD,False,,scraped_income,0.376145,ok,0.000896,55000.0,0.000896,False,39.01380157470703,0.327002,0.167447,0.512977,0.0099,0.16835544444444445,2026-10-05,passive_low_delta,0.16835544444444445,-0.23664772594942304,0.03755960105036556,0.23182103137687238,0.4428200058137348,0.7501922650220452,,0.151739,,,2,short_favorable_positive,excluded_bucket_2_non_yieldboost,False
GDXW,GDX,False,,scraped_income,1.04296,ok,-0.056782,40000.0,-0.056782,False,37.369998931884766,0.599344,0.052781,0.504843,0.0099,-0.004789638888888885,2026-10-05,passive_low_delta,-0.004789638888888885,-0.1495717541613415,-0.0654722941336211,-0.0005573878879567666,0.061448019795045584,0.15148713598708474,,0.035445000000000004,,,2,short_favorable_positive,excluded_bucket_2_non_yieldboost,False
TOPW,TOP,False,,scraped_income,0.148251,ok,-0.015111,150000.0,-0.015111,False,34.779998779296875,0.267174,0.065723,0.80454,,0.050402125000000006,2026-10-05,passive_low_delta,0.050402125000000006,-0.3462924338790376,-0.1309025331655056,0.0412317187685685,0.2078513383530162,0.48225505942603564,,0.059079000000000007,,,2,short_favorable_positive,excluded_bucket_2_non_yieldboost,False
QID,QQQ,False,,letf_inverse,-1.998809,ok,-0.01173,650000.0,-0.01173,False,12.640000343322754,0.393737,0.006761,0.196986,0.0095,-0.005131916666666667,2026-10-05,inverse,-0.005131916666666667,-0.05812300748023837,-0.02813743691364553,-0.008780561608202007,0.013120959370060368,0.04243320220969375,0.005303,0.0014579999999999992,,,2,short_favorable_positive,bucket_3,True
TWM,IWM,False,,letf_inverse,-2.000747,ok,-0.030091,300000.0,-0.030091,False,23.239999771118164,0.369254,0.015303,0.147557,0.0095,-0.015205930555555552,2026-10-05,inverse,-0.015205930555555552,-0.051888158405927164,-0.03171539416838547,-0.012638005373009282,0.006583911613068191,0.031729489612119445,-0.04571,0.061013,,,2,short_favorable_positive,bucket_3,True
MSTZ,MSTR,False,,letf_inverse,-2.010958,ok,-0.075574,1700000.0,-0.075574,False,2.3499999046325684,1.592025,2.169231,0.777224,0.0105,2.092607361111111,2026-10-05,inverse,2.092607361111111,1.270143746275219,1.445740636998578,1.6136992943857487,1.8036145529787833,2.099369313006141,1.718336,0.4508949999999998,,,2,short_favorable_positive,bucket_3,True
NVDQ,NVDA,False,,letf_inverse,-1.999334,ok,-0.241325,300.0,-0.241325,False,7.429999828338623,0.736591,0.487787,0.368602,0.0105,0.24311026388888893,2026-10-05,inverse,0.24311026388888893,-1.2321793984009497,-0.23077841668548693,-0.007237301426027604,0.09560096976466327,0.2170791319264028,0.297363,0.19042400000000004,,,2,short_favorable_positive,bucket_3,True
BTCZ,IBIT,False,,letf_inverse,-2.008524,ok,-0.034259,400000.0,-0.034259,False,2.7899999618530273,0.882574,0.537375,0.434603,0.0095,0.5026401805555556,2026-10-05,inverse,0.5026401805555556,0.048340373769512494,0.16348433032139548,0.3602987157703038,0.43220080719449055,0.5075588889297943,0.459289,0.07808600000000004,,,2,short_favorable_positive,bucket_3,True
CONI,COIN,False,,letf_inverse,-1.946836,ok,-0.637769,55000.0,-0.637769,False,23.5,1.465134,1.362205,0.706244,0.0115,0.7155780972222223,2026-10-05,inverse,0.7155780972222223,0.09620581910097807,0.42624414527840865,0.703593528414199,0.9118771585401919,1.217717164300053,1.32385,0.03835500000000014,,,2,short_favorable_positive,bucket_3,True
NVD,NVDA,False,,letf_inverse,-2.004232,ok,-0.075309,350000.0,-0.075309,False,3.309999942779541,0.741952,0.424354,0.368602,0.0135,0.3479990416666667,2026-10-05,inverse,0.3479990416666667,0.05724118741292171,0.14843399750977718,0.2074682008103636,0.25825307044832335,0.3611673151193829,0.301831,0.12252299999999999,,,2,short_favorable_positive,bucket_3,True
TSDD,TSLA,False,,letf_inverse,-2.009227,ok,-0.087947,350000.0,-0.087947,False,7.070000171661377,0.88051,0.923381,0.438233,0.0095,0.834212513888889,2026-10-05,inverse,0.834212513888889,0.06487919514562634,0.20644812092649706,0.32273091301557527,0.44825116727782144,0.6188249944639309,0.469172,0.45420900000000003,,,2,short_favorable_positive,bucket_3,True
ETHD,ETHA,False,,letf_inverse,-2.000763,ok,-0.213201,90000.0,-0.213201,False,24.059999465942383,1.283035,1.314849,0.632487,0.0099,1.0986868749999998,2026-10-05,inverse,1.0986868749999998,0.6479824432936998,0.7842021622007147,0.882839272413892,0.9807950450015902,1.1398463361763023,1.090212,0.22463699999999998,,,2,short_favorable_positive,bucket_3,True
CRCD,CRCL,False,,letf_inverse,-2.00162,ok,-0.050695,650000.0,-0.050695,False,2.200000047683716,1.811446,2.492625,0.906973,0.015,2.4412259027777776,2026-10-05,inverse,2.4412259027777776,0.5020682095288531,1.3633826029271638,1.9561892894393247,2.5411117359636184,3.028192787584737,2.365528,0.12709700000000002,,,2,short_favorable_positive,bucket_3,True
CORD,CRWV,False,,letf_inverse,-2.012109,ok,-0.686125,550000.0,-0.686125,False,2.8949999809265137,1.994406,2.760997,0.914622,0.015,2.065342486111111,2026-10-05,inverse,2.065342486111111,1.160472332721153,1.4708053606749942,1.7243158776434675,2.0050758642787767,2.4455951171771813,2.428959,0.3320380000000003,,,2,short_favorable_positive,bucket_3,True
TSLQ,TSLA,False,,letf_inverse,-2.011678,ok,-0.004254,350000.0,-0.004254,False,16.8799991607666,0.879719,0.901857,0.438233,0.0115,0.8975439166666667,2026-10-05,inverse,0.8975439166666667,0.2450408465024463,0.3517009166088803,0.4744139802546763,0.5661271694447021,0.7129942325994539,0.472255,0.42960200000000004,,,2,short_favorable_positive,bucket_3,True
ZSL,SLV,False,,letf_inverse,-2.011757,ok,-0.156537,250000.0,-0.156537,False,27.040000915527344,1.151966,0.523156,0.572617,0.0133,0.36444487499999995,2026-10-05,inverse,0.36444487499999995,0.5045776670128679,0.6071462483041208,0.7106570463541236,0.8412572246560456,1.024731109053746,0.885618,-0.36246200000000006,,,2,short_favorable_positive,bucket_3,True
SQQQ,QQQ,False,,letf_inverse,-2.998643,ok,0.0348,2800000.0,0.0348,False,32.25,0.59142,0.085469,0.196986,0.0095,0.12075233333333332,2026-10-05,inverse,0.12075233333333332,0.026089285860152297,0.06517974701258974,0.09820469782213052,0.13679078118072957,0.20092989715906728,0.081471,0.0039980000000000016,,,2,short_favorable_positive,bucket_3,True
TZA,IWM,False,,letf_inverse,-2.995415,ok,0.001065,150000.0,0.001065,False,44.81999969482422,0.550355,0.083385,0.147557,0.0099,0.08446479166666666,2026-10-05,inverse,0.08446479166666666,-0.06240767201061298,-0.02913832836738887,-0.0037044132465135294,0.025951557280053605,0.06927313609260823,-0.020347,0.103732,,,2,short_favorable_positive,bucket_3,True
SOXS,SOXX,False,,letf_inverse,-2.995703,ok,0.011525,2600000.0,0.011525,False,29.6200008392334,1.388746,0.840013,0.458707,0.01,0.8516980694444445,2026-10-05,inverse,0.8516980694444445,0.8699340960446439,0.9843547300008118,1.1105473525914282,1.230111653831153,1.4130210717411429,1.108763,-0.26874999999999993,,,2,short_favorable_positive,bucket_3,True
FAZ,XLF,False,,letf_inverse,-2.993547,ok,-0.085678,,-0.085678,False,38.58000183105469,0.433245,-0.011629,0.144726,0.0103,-0.09849697222222223,2026-10-05,inverse,-0.09849697222222223,-0.12307142342287178,-0.08890337275333819,-0.05618566071757089,-0.03211461207747722,0.015102192658712526,-0.02496,0.013330999999999999,,,2,short_favorable_positive,bucket_3,True
LABD,XBI,False,,letf_inverse,-2.99651,ok,-0.191115,850000.0,-0.191115,False,7.25,0.814369,0.29768,0.272245,0.0107,0.103910625,2026-10-05,inverse,0.103910625,-0.025059931588212757,0.03518405981216856,0.07015730940584528,0.10866953077881494,0.16172898183187623,0.293919,0.0037610000000000143,,,2,short_favorable_positive,bucket_3,True
TECS,XLK,False,,letf_inverse,-2.99943,ok,-0.078141,10000.0,-0.078141,False,48.06999969482422,0.784972,0.220205,0.239508,0.0101,0.14097870833333334,2026-10-05,inverse,0.14097870833333334,-0.01292040180703607,0.04477967862752957,0.09673192469998426,0.15337705123996348,0.23900296064047796,0.193473,0.026732000000000006,,,2,short_favorable_positive,bucket_3,True
DUST,GDX,False,,letf_inverse,-1.99489,ok,-0.228163,250000.0,-0.228163,False,40.2599983215332,0.995874,0.441346,0.504843,0.0094,0.21001406944444448,2026-10-05,inverse,0.21001406944444448,0.26448915998904404,0.3584492622343197,0.4042311740167062,0.4428102015273181,0.4977529565381599,0.650412,-0.20906599999999997,,,2,short_favorable_positive,bucket_3,True
FNGD,FNGS,False,,letf_inverse,-2.968763,ok,-0.040998,,-0.040998,False,23.68000030517578,0.683659,0.266676,0.230284,0.0095,0.22510858333333336,2026-10-05,inverse,0.22510858333333336,-0.09178828355260303,0.005971052717830801,0.09592315177364705,0.1781152404492488,0.3129948940669051,0.162447,0.10422900000000002,,,2,short_favorable_positive,bucket_3,True
REW,XLK,False,,letf_inverse,-2.006394,ok,-0.008913,,-0.008913,False,9.789999961853027,0.526147,0.088702,0.239508,0.0095,0.07966520833333333,2026-10-05,inverse,0.07966520833333333,-0.008914111489333515,0.027085636107859995,0.05858862670190544,0.08812929988311971,0.13274138109776928,0.061713,0.026989000000000006,,,2,short_favorable_positive,bucket_3,True
DUG,XLE,False,,letf_inverse,-1.994177,ok,0.013399,200000.0,0.013399,False,14.59000015258789,0.432833,0.023054,0.217048,0.0095,0.03663909722222222,2026-10-05,inverse,0.03663909722222222,-0.03200361515033714,-0.00463593394761906,0.019998083823209466,0.040683553451821966,0.07723260295586869,0.029838,-0.006783999999999998,,,2,short_favorable_positive,bucket_3,True
DRIP,XOP,False,,letf_inverse,-1.997927,ok,-0.042465,100000.0,-0.042465,False,34.380001068115234,0.574714,0.132099,0.288078,0.0101,0.08904420833333332,2026-10-05,inverse,0.08904420833333332,0.0265750909378028,0.05771033065397589,0.0835895623052329,0.10877888560732163,0.1553507103531553,0.13818,-0.006081000000000003,,,2,short_favorable_positive,bucket_3,True
NVDS,NVDA,False,,letf_inverse,-1.500587,ok,-0.082501,10000.0,-0.082501,False,16.520000457763672,0.553635,0.23937,0.368602,0.0115,0.15572315277777776,2026-10-05,inverse,0.15572315277777776,0.0027476203154841038,0.04600531884956839,0.07607334430854215,0.10949103940688676,0.16923891760432797,0.165937,0.073433,,,2,short_favorable_positive,bucket_3,True
EWV,EWJ,False,,letf_inverse,-2.001128,ok,-0.002625,25000.0,-0.002625,False,15.297699928283691,0.430568,0.032812,0.215163,0.0095,0.03015054166666667,2026-10-05,inverse,0.03015054166666667,-0.05598634996383225,-0.006533980760155437,0.026748986263341934,0.06262121547556149,0.11372157011842092,0.027931,0.004881,,,2,short_favorable_positive,bucket_3,True
APLZ,APLD,False,,letf_inverse,-1.997027,ok,-0.952643,700.0,-0.952643,False,22.65999984741211,2.152916,3.306413,0.991198,0.0149,2.340538847222222,2026-10-05,inverse,2.340538847222222,0.8853396825318841,1.4118688391805816,1.817797524954618,2.201206595081243,2.7847373901283983,2.834602,0.4718110000000002,,,2,short_favorable_positive,bucket_3,True
AMZO,AMZN,False,,letf_inverse,-2.007419,ok,-0.280474,25000.0,-0.280474,False,14.479999542236328,0.612005,0.242026,0.302823,0.0149,-0.042343472222222206,2026-10-05,inverse,-0.042343472222222206,-0.2794804082909724,-0.10463273126949584,0.023357119811172413,0.15697690096346228,0.36232687929786134,0.170871,0.071155,,,2,short_favorable_positive,bucket_3,True
BEZ,BE,False,,letf_inverse,-2.003848,ok,-1.118068,850000.0,-1.118068,False,4.639999866485596,2.471032,4.012447,1.0856,0.0149,2.8788502777777776,2026-10-05,inverse,2.8788502777777776,0.9137051591923046,1.4780109383365514,1.9466909165349668,2.460366813249962,3.506086141645019,3.441134,0.571313,,,2,short_favorable_positive,bucket_3,True
NBIZ,NBIS,False,,letf_inverse,-2.006503,ok,-0.437097,150000.0,-0.437097,False,20.989999771118164,2.265377,3.587802,1.037849,0.0149,3.144634208333333,2026-10-05,inverse,3.144634208333333,0.9792958093270988,2.217811128674652,2.8712411846404486,3.360802185790119,4.055840171592256,3.143025,0.44477699999999976,,,2,short_favorable_positive,bucket_3,True
SMZ,SMR,False,,letf_inverse,-1.992926,ok,-0.45818,,-0.45818,False,19.75950050354004,1.889699,2.838766,0.993356,0.0149,2.374222388888889,2026-10-05,inverse,2.374222388888889,1.5846465141729644,2.1111039081105103,2.399072959162437,2.6437814768664483,3.0836430219971342,2.837487,0.0012790000000002522,,,2,short_favorable_positive,bucket_3,True
QBTZ,QBTS,False,,letf_inverse,-1.993186,ok,-0.320388,15000.0,-0.320388,False,18.751699447631836,2.195767,3.790856,1.03405,0.0231,3.4660181666666663,2026-10-05,inverse,3.4660181666666663,1.3827834292126995,2.2592052941642797,2.8159380715365976,3.35742568435882,3.852700511919462,3.092422,0.6984339999999998,,,2,short_favorable_positive,bucket_3,True
IONZ,IONQ,False,,letf_inverse,-2.012585,ok,-1.390138,75000.0,-1.390138,False,21.086599349975586,1.931733,3.013079,0.913001,0.0191,1.6036335277777776,2026-10-05,inverse,1.6036335277777776,0.4866365323201009,0.8482091270626673,1.1116739370205801,1.4031653663618933,2.6491960015065446,2.425059,0.5880199999999998,,,2,short_favorable_positive,bucket_3,True
HIBS,SPHB,False,,letf_inverse,-3.007606,ok,-0.366646,150000.0,-0.366646,False,15.609999656677246,0.836344,0.278811,0.272128,0.0106,-0.09292730555555562,2026-10-05,inverse,-0.09292730555555562,-0.2205450198380312,-0.15021907556217862,-0.08870648268002437,-0.032000099016981656,0.06846437224213807,0.29587,-0.017059000000000046,,,2,short_favorable_positive,bucket_3,True
IREZ,IREN,False,,letf_inverse,-2.000335,ok,-1.029837,150000.0,-1.029837,False,9.9350004196167,2.098817,3.186063,1.043407,0.0149,2.1419227083333334,2026-10-05,inverse,2.1419227083333334,1.1259323968624737,1.6404255786363393,2.067073052114788,2.48139313288131,3.2299991851081136,3.161353,0.024709999999999788,,,2,short_favorable_positive,bucket_3,True
RGTZ,RGTI,False,,letf_inverse,-1.985021,ok,-1.045321,100000.0,-1.045321,False,16.541900634765625,2.029032,3.552431,0.974455,0.0183,2.4925916527777776,2026-10-05,inverse,2.4925916527777776,0.9065238404283722,1.3225797591030852,1.6886648978795957,2.1314153458476293,2.7692245971402505,2.711597,0.8408340000000001,,,2,short_favorable_positive,bucket_3,True
PLTZ,PLTR,False,,letf_inverse,-2.004149,ok,-0.14521,350000.0,-0.14521,False,7.739999771118164,1.074057,0.803096,0.533164,0.0131,0.6558691944444445,2026-10-05,inverse,0.6558691944444445,0.18409649207206058,0.33133154753744676,0.5327284555597855,0.7276378923950687,1.089152561359002,0.748136,0.05496000000000001,,,2,short_favorable_positive,bucket_3,True
SMST,MSTR,False,,letf_inverse,-2.004263,ok,-0.068568,100000.0,-0.068568,False,11.510000228881836,1.602306,2.096917,0.777224,0.0138,2.0273966666666667,2026-10-05,inverse,2.0273966666666667,0.4598597821218621,1.3060541051269512,1.5680464870756046,1.7681730742225765,2.1156842755471263,1.711764,0.38515299999999986,,,2,short_favorable_positive,bucket_3,True
SMCZ,SMCI,False,,letf_inverse,-2.021762,ok,-2.557991,200000.0,-2.557991,False,4.139999866485596,1.847442,2.326631,0.815634,0.0155,-0.2668876527777777,2026-10-05,inverse,-0.2668876527777777,-5.8653723858930995,-5.203852161637952,-4.093137713093213,-2.937573142204674,0.30435685230519305,1.926213,0.40041799999999994,,,2,short_favorable_positive,bucket_3,True
BMNZ,BMNR,False,,letf_inverse,-2.013847,ok,-0.851715,350000.0,-0.851715,False,4.130000114440918,1.82249,2.616081,0.904486,,1.7525366249999998,2026-10-05,inverse,1.7525366249999998,0.935786342692864,1.230534779626638,1.4454855461525955,1.6649472241295995,1.9411746080858892,2.361587,0.2544939999999998,,,2,short_favorable_positive,bucket_3,True
DAMD,AMD,False,,letf_inverse,-2.019777,ok,-0.184873,250000.0,-0.184873,False,8.329999923706055,1.389224,1.417292,0.683108,0.013,1.2298513194444445,2026-10-05,inverse,1.2298513194444445,0.7904909451199839,0.9894291501848731,1.1439149285674997,1.2997682213901154,1.567719169916927,1.314738,0.10255400000000003,,,2,short_favorable_positive,bucket_3,True
RKLZ,RKLB,False,,letf_inverse,-2.003713,ok,-1.133335,35000.0,-1.133335,False,14.106900215148926,1.782588,2.683325,0.87899,0.0129,1.534249236111111,2026-10-05,inverse,1.534249236111111,0.07174085895606341,0.930043820457532,1.4677618170998874,1.8809046957879905,2.4889429162704824,2.217258,0.4660669999999998,,,2,short_favorable_positive,bucket_3,True
STSM,TSM,False,,letf_inverse,-2.001343,ok,-1.08329,4000.0,-1.08329,False,25.899999618530273,0.804788,0.472541,0.401782,,-0.6257946944444445,2026-10-05,inverse,-0.6257946944444445,-2.539677385854243,-0.8603177363081733,-0.7505639545732343,-0.6565395084027068,-0.19241376727826542,0.364235,0.10830600000000001,,,2,short_favorable_positive,bucket_3,True
ASTN,ASTS,False,,letf_inverse,-1.995616,ok,-1.188969,70000.0,-1.188969,False,18.719999313354492,2.054284,3.595063,1.064038,0.0131,2.3895805416666667,2026-10-05,inverse,2.3895805416666667,1.4315769848523168,1.8782169156502602,2.185551836489937,2.5491026768127085,3.0334771417457653,3.276869,0.3181940000000001,,,2,short_favorable_positive,bucket_3,True
SPCG,SPCX,False,,letf_inverse,-2.001907,ok,-0.646271,30000.0,-0.646271,False,11.345000267028809,1.481465,1.590565,0.74586,0.0149,0.9353180138888889,2026-10-05,inverse,0.9353180138888889,0.1881670350461871,0.5649733949315888,0.838809149852934,1.1818377389625576,1.6851948565465427,1.565858,0.024707000000000034,,,2,short_favorable_positive,bucket_3,True
LOFD,SPCX,False,,letf_inverse,-2.015067,ok,-0.01763,75000.0,-0.01763,False,4.769999980926514,1.13582,1.051409,0.74586,,1.033534138888889,2026-10-05,inverse,1.033534138888889,0.5477522825178163,1.0868870095514633,1.484540972763067,1.9697095532130549,2.5749019491522027,1.568794,-0.517385,,,2,short_favorable_positive,bucket_3,True
LITZ,LITE,False,,letf_inverse,-2.011555,ok,-0.595688,100000.0,-0.595688,False,18.6200008392334,1.959931,2.685691,0.952754,0.0149,2.0817295555555555,2026-10-05,inverse,2.0817295555555555,1.4878712168882595,1.8627841758000814,2.106415974107992,2.3805700087170245,2.7967186649646556,2.643399,0.042291999999999774,,,2,short_favorable_positive,bucket_3,True
SNDQ,SNDK,False,,letf_inverse,-2.011869,ok,-0.177828,2500000.0,-0.177828,False,11.050000190734863,2.497019,4.189632,1.106103,0.0149,4.009334166666666,2026-10-05,inverse,4.009334166666666,2.2238679031807647,2.783582637057125,3.2324756957575236,3.8064811934209724,4.872776358380163,3.600664,0.5889679999999995,,,2,short_favorable_positive,bucket_3,True
CBRZ,CBRS,False,,letf_inverse,-2.005729,ok,-0.757299,60000.0,-0.757299,False,9.699999809265137,2.521274,4.322809,1.124432,0.0149,3.554991958333334,2026-10-05,inverse,3.554991958333334,1.7270257032779,2.349858830076739,2.877893701067893,3.5794297897364795,4.300554986524532,3.705301,0.6175080000000004,,,2,short_favorable_positive,bucket_3,True
MUZ,MU,False,,letf_inverse,-2.007045,ok,-0.572037,650000.0,-0.572037,False,6.849999904632568,1.745769,2.393733,0.798803,0.0131,1.813751041666667,2026-10-05,inverse,1.813751041666667,0.43206290035229084,0.9237493429468869,1.2813326356831745,1.6472920949043508,2.305568062212441,1.81779,0.5759430000000001,,,2,short_favorable_positive,bucket_3,True
SSPC,SPCX,False,,letf_inverse,-2.000415,ok,0.007895,350000.0,0.007895,False,6.650000095367432,1.503546,1.971403,0.74586,0.0075,1.9794076527777777,2026-10-05,inverse,1.9794076527777777,0.6892400691242094,1.1443370325445932,1.570357830333322,1.9358429727393707,2.562395345016744,1.556442,0.4149609999999999,,,2,short_favorable_positive,bucket_3,True
SKHZ,SKHY,False,,letf_inverse,-0.997612,ok,-2.75388,65000.0,-2.75388,False,9.050000190734863,0.777531,0.779684,0.809133,0.0075,-2.0124443333333333,2026-10-05,inverse,-2.0124443333333333,-2.4551943138332573,-2.2432999732291394,-2.0777274524527587,-1.8997415847796737,-1.6319641005299081,0.579589,0.20009500000000002,,,2,short_favorable_positive,bucket_3,True
SKDD,SKHY,False,,letf_inverse,-1.999007,ok,-1.099696,1100000.0,-1.099696,False,6.289999961853027,1.577331,1.912236,0.809133,,0.7972664444444446,2026-10-05,inverse,0.7972664444444446,-0.8034263217164239,-0.1883438636263967,0.31437897564624295,0.8956869926279265,1.5675225503172805,1.841964,0.07027200000000011,,,2,short_favorable_positive,bucket_3,True
AAOZ,AAOI,False,,letf_inverse,-2.010845,ok,-0.183099,20000.0,-0.183099,False,9.015000343322754,2.480474,4.342474,1.313928,0.0149,4.156831958333333,2026-10-05,inverse,4.156831958333333,3.5035514023307597,4.297320415920007,4.947393687039504,5.590555034344548,6.604287995706686,5.120053,-0.7775790000000002,,,2,short_favorable_positive,bucket_3,True
ORCZ,ORCL,False,,letf_inverse,-2.004568,ok,-0.09511,30000.0,-0.09511,False,16.600000381469727,1.013547,0.718148,0.563277,0.0149,0.6217170277777778,2026-10-05,inverse,0.6217170277777778,0.39883636341075596,0.5884240144127054,0.7130454279107737,0.8587058564477348,1.0697155831095466,0.849646,-0.131498,,,2,short_favorable_positive,bucket_3,True
SKHN,SKHY,False,,letf_inverse,-2.01558,ok,-0.29263,10000.0,-0.29263,False,9.260000228881836,1.378886,1.514373,0.809133,0.0149,1.2176786944444444,2026-10-05,inverse,1.2176786944444444,0.7713323394723977,1.2847087747674957,1.6615304544094818,2.0994944332781245,2.82769185968106,1.883403,-0.36902999999999997,,,2,short_favorable_positive,bucket_3,True
AXTQ,AXTI,False,,letf_inverse,-2.003957,ok,-0.186061,30000.0,-0.186061,False,18.649999618530273,2.121703,,1.501614,0.0149,,2026-10-05,inverse,6.492413819444445,5.40687188803188,6.019391662494289,6.5064475616583195,7.044922407516816,7.7695637211139585,6.681059,,,,2,short_favorable_positive,bucket_3,True
COHQ,COHR,False,,letf_inverse,-2.003014,ok,0.021625,3000.0,0.021625,False,21.290000915527344,1.427631,,0.95176,0.0149,,2026-10-05,inverse,2.640535347222222,1.6991043388360398,2.1794955500342272,2.5301249061240574,2.9095136031614643,3.592587404373514,2.61861,,,,2,short_favorable_positive,bucket_3,True
METQ,META,False,,letf_inverse,-2.004216,ok,-0.072909,70000.0,-0.072909,False,13.430000305175781,0.735838,,0.40903,0.0149,,2026-10-05,inverse,0.323950375,-0.06317006647913244,0.09316309051481869,0.2915957631890583,0.5278643237022702,0.8793180017736816,0.397872,,,,2,short_favorable_positive,bucket_3,True
HYGD,HYG,False,,letf_inverse,-2.99636,ok,-0.05888,,-0.05888,False,53.652000427246094,0.10058,,0.035244,0.0095,,2026-10-05,inverse,-0.20333477777777775,-1.160919555999479,-0.3159537022054115,-0.12190552289724055,-0.01925185296324549,0.12415948386963392,-0.143637,,,,2,short_favorable_positive,bucket_3,True
LQDD,LQD,False,,letf_inverse,-2.996461,ok,-0.05613,,-0.05613,False,55.2599983215332,0.177125,,0.059111,0.0095,,2026-10-05,inverse,-0.18706558333333334,-0.20202948605441196,-0.1184655288826883,-0.05232847556339776,0.0007248715026540696,0.08625972854135333,-0.130156,,,,2,short_favorable_positive,bucket_3,True
BRZD,EWZ,False,,letf_inverse,-3.017763,ok,,100.0,,False,21.667299270629883,0.785093,,0.257399,0.0095,,2026-10-05,inverse,,,,,,,0.249721,,,,2,short_favorable_positive,bucket_3,True
JPND,EWJ,False,,letf_inverse,-3.002669,ok,-0.206005,,-0.206005,False,42.7400016784668,0.491338,,0.215163,0.0095,,2026-10-05,inverse,-0.08199018055555554,-0.15369442912650952,-0.0670518901331682,0.02290413536491729,0.09911724253413792,0.1961910622292079,0.126876,,,,2,short_favorable_positive,bucket_3,True
TPEI,EWT,False,,letf_inverse,-3.002409,ok,-1.09288,,-1.09288,False,34.880001068115234,0.755074,,0.316941,0.0095,,2026-10-05,inverse,-0.655818888888889,-0.8667277046549359,-0.7420127792230462,-0.6550437215149716,-0.5694586664565829,-0.44963156110742275,0.45224,,,,2,short_favorable_positive,bucket_3,True
YANG,FXI,False,,letf_inverse,-2.991299,ok,-0.099067,200000.0,-0.099067,False,32.470001220703125,0.570036,0.190253,0.190654,0.0103,0.08981006944444445,2026-10-05,inverse,0.08981006944444445,-0.11146451614323756,-0.07314315238378341,-0.03605028323223902,0.0037897443617353616,0.05550363436980586,0.066918,0.123335,,,2,short_favorable_positive,bucket_3,True
EDZ,EEM,False,,letf_inverse,-2.996792,ok,-0.536834,300000.0,-0.536834,False,13.3100004196167,0.746245,0.131079,0.249015,0.0105,-0.4132110277777778,2026-10-05,inverse,-0.4132110277777778,-0.40014046022011013,-0.3557925748542282,-0.3229678572815098,-0.29092454714547916,-0.24001235157330383,0.221264,-0.09018499999999999,,,2,short_favorable_positive,bucket_3,True
FXP,FXI,False,,letf_inverse,-1.989029,ok,0.018375,8000.0,0.018375,False,22.153799057006836,0.384439,0.0832,0.190654,0.0095,0.10183020833333332,2026-10-05,inverse,0.10183020833333332,-0.06921162294690322,-0.01896905877791375,0.016167739974718893,0.05863893951051803,0.09968317113221092,-0.002547,0.08574699999999999,,,2,short_favorable_positive,bucket_3,True
EEV,EEM,False,,letf_inverse,-2.003098,ok,-0.110213,25000.0,-0.110213,False,10.010000228881836,0.503837,0.056285,0.249015,0.0095,-0.055458736111111115,2026-10-05,inverse,-0.055458736111111115,-0.09614715055075004,-0.05878691059784101,-0.035594032263165126,-0.012317712766812657,0.0133318928219216,0.075341,-0.019056000000000003,,,2,short_favorable_positive,bucket_3,True
EFU,EFA,False,,letf_inverse,-2.001118,ok,0.003812,1000.0,0.003812,False,7.271399974822998,0.325206,-0.01778,0.157286,0.0095,-0.013915055555555556,2026-10-05,inverse,-0.013915055555555556,-0.07648082803602133,-0.026206134386023795,0.0037977332640334394,0.03737091230017106,0.0826884775614107,-0.036799,0.019018999999999998,,,2,short_favorable_positive,bucket_3,True
EPV,VGK,False,,letf_inverse,-2.012479,ok,-0.035329,4000.0,-0.035329,False,19.040000915527344,0.321839,-0.008402,0.157465,0.0095,-0.04422168055555555,2026-10-05,inverse,-0.04422168055555555,-0.08594747858261763,-0.057668032293910806,-0.0348964570462178,-0.013617647095852975,0.015404635176000178,-0.03638,0.027978000000000003,,,2,short_favorable_positive,bucket_3,True
BZQ,EWZ,False,,letf_inverse,-2.010712,ok,-0.160912,8000.0,-0.160912,False,13.550000190734863,0.516811,0.103542,0.257399,0.0095,-0.059604888888888874,2026-10-05,inverse,-0.059604888888888874,-0.14939516524276303,-0.10604289752337664,-0.07175386411718798,-0.044857979416940884,-0.00042003157753463645,0.08907,0.014471999999999999,,,2,short_favorable_positive,bucket_3,True
SKHQ,SKHY,False,,letf_inverse,-2.0,low_n,-0.18538,900.0,-0.18538,False,9.140800476074219,,,0.809133,0.0099,,2026-10-05,inverse,1.6654942777777777,,,,,,1.853449,,,,2,short_favorable_positive,bucket_3,True
SNK,SPCX,False,,letf_inverse,-2.00013,ok,-0.788517,75000.0,-0.788517,False,10.869999885559082,1.487608,2.002913,0.74586,0.022,1.2034443750000001,2026-10-05,inverse,1.2034443750000001,-0.008528591966183885,0.4929439811401575,0.9220003497275595,1.3063207296004187,1.9109588191514206,1.570557,0.43235599999999996,,,2,short_favorable_positive,bucket_3,True
